абсолютен	POSITIVE	ADJ
абсурд	NEGATIVE	NOUN
абсурден	NEGATIVE	ADJ
авария	NEGATIVE	NOUN
автентичен	POSITIVE	ADJ
автентичност	POSITIVE	NOUN
авторитетен	POSITIVE	ADJ
агония	NEGATIVE	NOUN
агресивен	NEGATIVE	ADJ
агресивно	NEGATIVE	ADJ
адмирация	POSITIVE	NOUN
айнщайн	POSITIVE	NOUN
акламиран	POSITIVE	ADJ
актуален	POSITIVE	ADJ
акцидент	NEGATIVE	NOUN
акъл	POSITIVE	NOUN
алармирам	NEGATIVE	VERB
алкохолик	NEGATIVE	NOUN
алчен	NEGATIVE	ADJ
алчност	NEGATIVE	NOUN
ангажимент	NEGATIVE	NOUN
ангел	POSITIVE	NOUN
ангелски	POSITIVE	ADJ
ангелче	POSITIVE	NOUN
анемичен	NEGATIVE	ADJ
антипатичен	NEGATIVE	ADJ
апатит	NEGATIVE	NOUN
апатия	NEGATIVE	NOUN
апетитен	POSITIVE	ADJ
аплодирам	POSITIVE	VERB
аплодисмент	POSITIVE	NOUN
апогей	POSITIVE	NOUN
арогантен	NEGATIVE	ADJ
арогантност	NEGATIVE	NOUN
аромат	POSITIVE	NOUN
ароматен	POSITIVE	ADJ
атентат	NEGATIVE	NOUN
атрактивен	POSITIVE	ADJ
ахмак	NEGATIVE	ADJ
бавен	NEGATIVE	ADJ
бавноразвиващ	NEGATIVE	ADJ
банален	NEGATIVE	ADJ
банкрут	NEGATIVE	NOUN
беда	NEGATIVE	NOUN
беден	NEGATIVE	ADJ
бедност	NEGATIVE	NOUN
бедствие	NEGATIVE	NOUN
безбожен	NEGATIVE	ADJ
безвкусен	NEGATIVE	ADJ
безвкусица	NEGATIVE	NOUN
безволев	NEGATIVE	ADJ
бездарност	NEGATIVE	NOUN
бездейност	NEGATIVE	NOUN
бездействие	NEGATIVE	NOUN
безделник	NEGATIVE	NOUN
бездомен	NEGATIVE	ADJ
бездушен	NEGATIVE	ADJ
безжизнен	NEGATIVE	ADJ
безизходен	NEGATIVE	ADJ
безинтересен	NEGATIVE	ADJ
безкористен	POSITIVE	ADJ
безкористие	POSITIVE	NOUN
безмозъчен	NEGATIVE	ADJ
безнадежден	NEGATIVE	ADJ
безнадеждно	NEGATIVE	ADJ
безнадеждност	NEGATIVE	NOUN
безоблачен	POSITIVE	ADJ
безобразен	NEGATIVE	ADJ
безобразие	NEGATIVE	NOUN
безопасен	POSITIVE	ADJ
безопасно	POSITIVE	ADV
безопастност	POSITIVE	NOUN
безотговорен	NEGATIVE	ADJ
безотговорно	NEGATIVE	ADJ
безотказен	POSITIVE	ADJ
безплатен	POSITIVE	ADJ
безплатно	POSITIVE	ADV
безпогрешен	POSITIVE	ADJ
безпокойство	NEGATIVE	NOUN
безпокоя	NEGATIVE	VERB
безполезен	NEGATIVE	ADJ
безполезно	NEGATIVE	ADJ
безпорядък	NEGATIVE	NOUN
безрадостен	NEGATIVE	ADJ
безразсъден	NEGATIVE	ADJ
безрасъдство	NEGATIVE	NOUN
безреден	NEGATIVE	ADJ
безсилен	NEGATIVE	ADJ
безсилие	NEGATIVE	NOUN
безславен	NEGATIVE	ADJ
безсмислен	NEGATIVE	ADJ
безсмислено	NEGATIVE	ADV
безсмисленост	NEGATIVE	NOUN
безсмислица	NEGATIVE	NOUN
безсмъртие	POSITIVE	NOUN
безстрашен	POSITIVE	ADJ
безсъдържателен	NEGATIVE	ADJ
безсъзнание	NEGATIVE	NOUN
безсъние	NEGATIVE	NOUN
безсърдечен	NEGATIVE	ADJ
безумен	NEGATIVE	ADJ
безумие	NEGATIVE	NOUN
безупречен	POSITIVE	ADJ
безусловен	POSITIVE	ADJ
безутешност	NEGATIVE	NOUN
безучастие	NEGATIVE	NOUN
безценен	POSITIVE	ADJ
безчестие	NEGATIVE	NOUN
безчовечен	NEGATIVE	ADJ
безчувствен	NEGATIVE	ADJ
бележит	POSITIVE	ADJ
беля	NEGATIVE	NOUN
бесен	NEGATIVE	ADJ
бестселър	POSITIVE	NOUN
бижу	POSITIVE	NOUN
бистър	POSITIVE	ADJ
бич	NEGATIVE	NOUN
бия	NEGATIVE	VERB
благ	POSITIVE	ADJ
благо	POSITIVE	NOUN
благодарен	POSITIVE	ADJ
благодарение	POSITIVE	ADV
благодарност	POSITIVE	NOUN
благодарствен	POSITIVE	ADJ
благодат	POSITIVE	NOUN
благоденствие	POSITIVE	NOUN
благоденствуващ	POSITIVE	ADJ
благонадежден	POSITIVE	ADJ
благополучен	POSITIVE	ADJ
благополучие	POSITIVE	NOUN
благополучно	POSITIVE	ADJ
благоприличен	POSITIVE	ADJ
благоприятен	POSITIVE	ADJ
благоразумен	POSITIVE	ADJ
благороден	POSITIVE	ADJ
благородие	POSITIVE	NOUN
благородство	POSITIVE	NOUN
благославям	POSITIVE	VERB
благословен	POSITIVE	ADJ
благословия	POSITIVE	NOUN
благословя	POSITIVE	VERB
благосъстояние	POSITIVE	NOUN
благотворителен	POSITIVE	ADJ
благотворителност	POSITIVE	NOUN
блаженство	POSITIVE	NOUN
блазнещ	POSITIVE	ADJ
блазня	POSITIVE	VERB
блед	NEGATIVE	ADJ
блестя	POSITIVE	VERB
блестящ	POSITIVE	ADJ
блокирам	NEGATIVE	VERB
блудкав	NEGATIVE	ADJ
бляскав	POSITIVE	ADJ
блясък	POSITIVE	NOUN
богат	POSITIVE	ADJ
богиня	POSITIVE	NOUN
боготворя	POSITIVE	VERB
бодлив	NEGATIVE	ADJ
бодрост	POSITIVE	NOUN
божествен	POSITIVE	ADJ
боза	NEGATIVE	NOUN
боклук	NEGATIVE	NOUN
болезнен	NEGATIVE	ADJ
болезнено	NEGATIVE	ADV
болен	NEGATIVE	ADJ
болест	NEGATIVE	NOUN
боли	NEGATIVE	VERB
болка	NEGATIVE	NOUN
болнав	NEGATIVE	ADJ
болничав	NEGATIVE	ADJ
бонбонка	POSITIVE	NOUN
бонбонче	POSITIVE	NOUN
браво	POSITIVE	NOUN
бракувам	NEGATIVE	VERB
бреме	NEGATIVE	NOUN
брилянтен	POSITIVE	ADJ
бръщолевя	NEGATIVE	VERB
будала	NEGATIVE	NOUN
будалкам	NEGATIVE	VERB
буламач	NEGATIVE	NOUN
бъгав	NEGATIVE	ADJ
бъзльо	NEGATIVE	NOUN
бърз	POSITIVE	ADJ
бързо	POSITIVE	ADV
бъркам	NEGATIVE	VERB
бърлога	NEGATIVE	NOUN
варварин	NEGATIVE	NOUN
варварски	NEGATIVE	ADJ
вбеся 	NEGATIVE	VERB
вбеся	NEGATIVE	VERB
вбесявам 	NEGATIVE	VERB
вбесявам	NEGATIVE	VERB
вдъхновен	POSITIVE	ADJ
вдъхновение	POSITIVE	NOUN
вдъхновя	POSITIVE	VERB
вдъхновявам	POSITIVE	VERB
вдъхновяващ	POSITIVE	ADJ
ведър	POSITIVE	ADJ
вежлив	POSITIVE	ADJ
велик	POSITIVE	ADJ
великодушен	POSITIVE	ADJ
великолепен	POSITIVE	ADJ
великолепие	POSITIVE	NOUN
великолепно	POSITIVE	ADV
величав	POSITIVE	ADJ
величествен	POSITIVE	ADJ
величественост	POSITIVE	NOUN
величество	POSITIVE	NOUN
величие	POSITIVE	NOUN
верен	POSITIVE	ADJ
весел	POSITIVE	ADJ
веселба	POSITIVE	NOUN
веселие	POSITIVE	NOUN
весело	POSITIVE	ADV
веселя	POSITIVE	VERB
вещина	POSITIVE	NOUN
вещица	NEGATIVE	NOUN
взаимност	POSITIVE	NOUN
взаимопомощ	POSITIVE	NOUN
виден	POSITIVE	ADJ
византийщина	NEGATIVE	NOUN
вина	NEGATIVE	NOUN
високомерен	NEGATIVE	ADJ
високомерие	NEGATIVE	NOUN
вкисна	NEGATIVE	VERB
вкусен 	POSITIVE	ADJ
вкусен	POSITIVE	ADJ
вкусно	POSITIVE	ADV
вкусотия	POSITIVE	NOUN
влека	POSITIVE	VERB
влиятелен	POSITIVE	ADJ
влоша 	NEGATIVE	VERB
влоша	NEGATIVE	VERB
влошавам	NEGATIVE	VERB
влудявам	NEGATIVE	VERB
влюбвам	POSITIVE	VERB
влюбен	POSITIVE	ADJ
влюбя	POSITIVE	VERB
внимателен	POSITIVE	ADJ
внушителен	POSITIVE	ADJ
воня	NEGATIVE	VERB
вонящ	NEGATIVE	ADJ
впечатлен	POSITIVE	ADJ
впечатля 	POSITIVE	VERB
впечатля	POSITIVE	VERB
впечатлявам	POSITIVE	VERB
впечатляващ	POSITIVE	ADJ
враг	NEGATIVE	NOUN
враждебен	NEGATIVE	ADJ
враждебност	NEGATIVE	NOUN
вреда	NEGATIVE	NOUN
вреден	NEGATIVE	ADJ
вредя	NEGATIVE	VERB
връх	POSITIVE	NOUN
врява	NEGATIVE	NOUN
всесилен	POSITIVE	ADJ
всестранен	POSITIVE	ADJ
втален	POSITIVE	ADJ
второстепенен	NEGATIVE	ADJ
вулгарен	NEGATIVE	ADJ
възбуда	POSITIVE	NOUN
възбуденост	POSITIVE	NOUN
възбуждане	POSITIVE	NOUN
възвишен	POSITIVE	ADJ
възвишеност	POSITIVE	NOUN
въздигане	POSITIVE	NOUN
възможност	POSITIVE	NOUN
възмутен	NEGATIVE	ADJ
възмутителен	NEGATIVE	ADJ
възмутя	NEGATIVE	VERB
възмущавам	NEGATIVE	VERB
възмущение	NEGATIVE	NOUN
възнаградя	POSITIVE	VERB
възнаграждавам	POSITIVE	VERB
възнаграждение	POSITIVE	NOUN
възпитание	POSITIVE	NOUN
възприемчив	POSITIVE	ADJ
възражение	NEGATIVE	NOUN
възслаб	NEGATIVE	ADJ
възстановя 	POSITIVE	VERB
възстановя	POSITIVE	VERB
възстановявам	POSITIVE	VERB
възстановяване	POSITIVE	NOUN
възторг	POSITIVE	NOUN
възторжен	POSITIVE	ADJ
възторженост	POSITIVE	NOUN
възхвалителен	POSITIVE	ADJ
възхваля 	POSITIVE	VERB
възхвалявам	POSITIVE	VERB
възхваляван	POSITIVE	ADJ
възхитен	POSITIVE	ADJ
възхитителен	POSITIVE	ADJ
възхитително	POSITIVE	ADV
възхитя	POSITIVE	VERB
възхищавам	POSITIVE	VERB
възхищение	POSITIVE	NOUN
възход	POSITIVE	NOUN
вълнение	POSITIVE	NOUN
вълнувам	POSITIVE	VERB
вълнуващ	POSITIVE	ADJ
вълшебен	POSITIVE	ADJ
вълшебник	POSITIVE	NOUN
вълшебство	POSITIVE	NOUN
въодушевен	POSITIVE	ADJ
въодушевление	POSITIVE	NOUN
въодушевя	POSITIVE	VERB
въодушевявам	POSITIVE	VERB
въодушевяващ	POSITIVE	ADJ
върховен	POSITIVE	ADJ
вял	NEGATIVE	ADJ
гад	NEGATIVE	NOUN
гаден	NEGATIVE	ADJ
гадене	NEGATIVE	NOUN
гади	NEGATIVE	VERB
гадина	NEGATIVE	NOUN
гадняр	NEGATIVE	NOUN
гадняри	NEGATIVE	NOUN
гадост	NEGATIVE	NOUN
гадя	NEGATIVE	VERB
газя 	NEGATIVE	VERB
галеник	POSITIVE	NOUN
гальовност	POSITIVE	NOUN
галя	POSITIVE	VERB
гарантирам	POSITIVE	VERB
гарантиран	POSITIVE	ADJ
гаф	NEGATIVE	NOUN
гениален	POSITIVE	ADJ
гениалност	POSITIVE	NOUN
гений	POSITIVE	NOUN
героичен	POSITIVE	ADJ
герой	POSITIVE	NOUN
геройство	POSITIVE	NOUN
гибел	NEGATIVE	NOUN
главоболие	NEGATIVE	NOUN
гладувам	NEGATIVE	VERB
гладък	POSITIVE	ADJ
гламав	NEGATIVE	ADJ
гламавщина	NEGATIVE	NOUN
глезотия	NEGATIVE	NOUN
глождя	NEGATIVE	VERB
глупав	NEGATIVE	ADJ
глупак	NEGATIVE	NOUN
глупачка	NEGATIVE	NOUN
глупашки	NEGATIVE	ADJ
глупост	NEGATIVE	NOUN
гневен	NEGATIVE	ADJ
гнет	NEGATIVE	NOUN
гнетя	NEGATIVE	VERB
гнетящ	NEGATIVE	ADJ
гнида	NEGATIVE	NOUN
гния	NEGATIVE	VERB
гнус	NEGATIVE	NOUN
гнусен	NEGATIVE	ADJ
гнусно	NEGATIVE	ADV
гнуся	NEGATIVE	VERB
гняв	NEGATIVE	NOUN
говедо	NEGATIVE	NOUN
гоня	NEGATIVE	VERB
горд	POSITIVE	ADJ
гордея	POSITIVE	VERB
горест	NEGATIVE	NOUN
горестен	NEGATIVE	ADJ
горчив	NEGATIVE	ADJ
горчивина	NEGATIVE	NOUN
господинчо	NEGATIVE	NOUN
гостоприемен	POSITIVE	ADJ
гот	POSITIVE	ADJ
готин	POSITIVE	ADJ
готовност	POSITIVE	NOUN
грабвам	POSITIVE	VERB
грабна 	POSITIVE	VERB
грандиозен	POSITIVE	ADJ
грациозен	POSITIVE	ADJ
греша	NEGATIVE	VERB
грешка	NEGATIVE	NOUN
грешник	NEGATIVE	NOUN
грея	POSITIVE	VERB
грижлив	POSITIVE	ADJ
гробище	NEGATIVE	NOUN
грозен	NEGATIVE	ADJ
грозник	NEGATIVE	NOUN
грозно	NEGATIVE	ADV
грозотия	NEGATIVE	NOUN
гротесков	NEGATIVE	ADJ
груб	NEGATIVE	ADJ
грубиян	NEGATIVE	NOUN
грубиянски	NEGATIVE	ADJ
грубо	NEGATIVE	ADV
грубост	NEGATIVE	NOUN
грях	NEGATIVE	NOUN
губене	NEGATIVE	NOUN
губя	NEGATIVE	VERB
гузност	NEGATIVE	NOUN
гъз	NEGATIVE	NOUN
гърчене	NEGATIVE	NOUN
далеч	NEGATIVE	ADJ
далновидност	POSITIVE	NOUN
дар	POSITIVE	NOUN
дарба	POSITIVE	NOUN
дарение	POSITIVE	NOUN
дарование	POSITIVE	NOUN
даровитост	POSITIVE	NOUN
двуличен	NEGATIVE	ADJ
двуличие	NEGATIVE	NOUN
дебел	NEGATIVE	ADJ
дебелак	NEGATIVE	NOUN
дебелашки	NEGATIVE	ADJ
дебил	NEGATIVE	NOUN
деен	POSITIVE	ADJ
дезорганизирам	NEGATIVE	VERB
дезориентиран	NEGATIVE	ADJ
деликатен	POSITIVE	ADJ
деликатес	POSITIVE	NOUN
деликатност	POSITIVE	NOUN
демоде	NEGATIVE	NOUN
демон	NEGATIVE	NOUN
депресарски	NEGATIVE	ADJ
депресирам	NEGATIVE	VERB
депресиран	NEGATIVE	ADJ
депресиращ	NEGATIVE	ADJ
депресия	NEGATIVE	NOUN
деспотичен	NEGATIVE	ADJ
детайлен 	POSITIVE	ADJ
детински	NEGATIVE	ADJ
дефект	NEGATIVE	NOUN
дефектен	NEGATIVE	ADJ
дефицит	NEGATIVE	NOUN
дивен	POSITIVE	ADJ
дивотия	NEGATIVE	NOUN
диктаторски	NEGATIVE	ADJ
динамичен	POSITIVE	ADJ
директен	POSITIVE	ADJ
дискомфорт	NEGATIVE	NOUN
дискретен	POSITIVE	ADJ
дисонантен	NEGATIVE	ADJ
дисциплина	POSITIVE	NOUN
доблестен	POSITIVE	ADJ
добре	POSITIVE	ADV
добрина	POSITIVE	NOUN
добро	POSITIVE	ADJ
добродетел	POSITIVE	NOUN
добродетелен	POSITIVE	ADJ
добродушие	POSITIVE	NOUN
добросърдечен	POSITIVE	ADJ
доброта	POSITIVE	NOUN
доброчестина	POSITIVE	NOUN
добруване	POSITIVE	NOUN
добряк	POSITIVE	NOUN
добър	POSITIVE	ADJ
довереник	POSITIVE	NOUN
доверие	POSITIVE	NOUN
доволен 	POSITIVE	ADJ
доволен	POSITIVE	ADJ
доволство	POSITIVE	NOUN
долнокачествен	NEGATIVE	ADJ
долнопробен	NEGATIVE	ADJ
донос	NEGATIVE	NOUN
доносник	NEGATIVE	NOUN
допадам	POSITIVE	VERB
допадна	POSITIVE	VERB
допринасям	POSITIVE	VERB
допринеса 	POSITIVE	VERB
досада	NEGATIVE	NOUN
досаден	NEGATIVE	ADJ
досадлив	NEGATIVE	ADJ
досадливост	NEGATIVE	NOUN
досадник	NEGATIVE	NOUN
досадно	NEGATIVE	ADV
досадя	NEGATIVE	VERB
досаждам	NEGATIVE	VERB
достатъчен	POSITIVE	ADJ
достоверност	POSITIVE	NOUN
достоен	POSITIVE	ADJ
достойнство	POSITIVE	NOUN
достолепен	POSITIVE	ADJ
достъпен	POSITIVE	ADJ
дотеглив	NEGATIVE	ADJ
драг	POSITIVE	ADJ
драгоценност	POSITIVE	NOUN
дразнене	NEGATIVE	NOUN
дразнение	NEGATIVE	NOUN
дразнещ	NEGATIVE	ADJ
дразнител	NEGATIVE	NOUN
дразня	NEGATIVE	VERB
драка	NEGATIVE	NOUN
драма	NEGATIVE	NOUN
дребнав	NEGATIVE	ADJ
дрипав	NEGATIVE	ADJ
дрисня	NEGATIVE	NOUN
дрогирам	NEGATIVE	VERB
другар	POSITIVE	NOUN
другарство	POSITIVE	NOUN
дружба	POSITIVE	NOUN
дружелюбен	POSITIVE	ADJ
дружност	POSITIVE	NOUN
духовит	POSITIVE	ADJ
дълготраен	POSITIVE	ADJ
дъно	NEGATIVE	NOUN
дъртак	NEGATIVE	NOUN
дявол	NEGATIVE	NOUN
дяволувам	NEGATIVE	VERB
егоизъм	NEGATIVE	NOUN
егоист	NEGATIVE	NOUN
егоистичен	NEGATIVE	ADJ
егоистка	NEGATIVE	NOUN
единодействие	POSITIVE	NOUN
единодушие	POSITIVE	NOUN
единомислие	POSITIVE	NOUN
еднообразен	NEGATIVE	ADJ
екзалтация	POSITIVE	NOUN
екскремент	NEGATIVE	NOUN
експерт	POSITIVE	NOUN
експертен	POSITIVE	ADJ
екстаз	POSITIVE	NOUN
екстра	POSITIVE	ADJ
екстра	POSITIVE	NOUN
елегантен	POSITIVE	ADJ
елегантно	POSITIVE	ADV
елегантност	POSITIVE	NOUN
елементарен	NEGATIVE	ADJ
еликсир	POSITIVE	NOUN
елит	POSITIVE	NOUN
елитен	POSITIVE	ADJ
емоционален	POSITIVE	ADJ
емоция	POSITIVE	NOUN
емпатия	POSITIVE	NOUN
енергичен	POSITIVE	ADJ
енергия	POSITIVE	NOUN
ентусиазирам	POSITIVE	VERB
ентусиазъм	POSITIVE	NOUN
естествен	POSITIVE	ADJ
естетика	POSITIVE	NOUN
еталонен	POSITIVE	ADJ
етичен	POSITIVE	ADJ
еуфория	POSITIVE	NOUN
ефект	POSITIVE	NOUN
ефектен	POSITIVE	ADJ
ефективен	POSITIVE	ADJ
ефективни	POSITIVE	ADJ
ефективно	POSITIVE	ADV
ефикасен	POSITIVE	ADJ
ефирен	POSITIVE	ADJ
ехидност	NEGATIVE	NOUN
жажда	POSITIVE	NOUN
жал 	NEGATIVE	NOUN
жалба	NEGATIVE	NOUN
жален	NEGATIVE	ADJ
жалко	NEGATIVE	ADV
жалост	NEGATIVE	NOUN
жалък	NEGATIVE	ADJ
жар	POSITIVE	NOUN
жегвам	NEGATIVE	VERB
жегна	NEGATIVE	VERB
желание	POSITIVE	NOUN
женкар	NEGATIVE	NOUN
женчо	NEGATIVE	NOUN
жертва	NEGATIVE	NOUN
жестокост	NEGATIVE	NOUN
жестокосърдечен	NEGATIVE	ADJ
живост	POSITIVE	NOUN
животинство	NEGATIVE	NOUN
жизнен	POSITIVE	ADJ
жизненост	POSITIVE	NOUN
жизнерадост	POSITIVE	NOUN
жилав	NEGATIVE	ADJ
забава	POSITIVE	NOUN
забавен 	POSITIVE	ADJ
забавен	POSITIVE	ADJ
забавление	POSITIVE	NOUN
забавлявам	POSITIVE	VERB
забавляване	POSITIVE	NOUN
забавно	POSITIVE	ADV
забавяне	NEGATIVE	NOUN
забележителен	POSITIVE	ADJ
забележително	POSITIVE	ADV
забележка	NEGATIVE	NOUN
забелжка	NEGATIVE	NOUN
забивам	NEGATIVE	VERB
забия	NEGATIVE	VERB
заблуда	NEGATIVE	NOUN
заблуден	NEGATIVE	ADJ
заблудя	NEGATIVE	VERB
заблуждавам	NEGATIVE	VERB
заблуждаване	NEGATIVE	NOUN
заболяване	NEGATIVE	NOUN
забъркам	NEGATIVE	VERB
забъркан	NEGATIVE	ADJ
забърквам	NEGATIVE	VERB
завладея	POSITIVE	VERB
завладявам	POSITIVE	VERB
завладяващ	POSITIVE	ADJ
загина	NEGATIVE	VERB
загуба	NEGATIVE	NOUN
загубеняк	NEGATIVE	NOUN
загубеняци	NEGATIVE	NOUN
загубя	NEGATIVE	VERB
задник	NEGATIVE	NOUN
задоволен	POSITIVE	ADJ
задоволителен	POSITIVE	ADJ
задоволително	POSITIVE	ADV
задоволство	POSITIVE	NOUN
задоволя 	POSITIVE	VERB
задоволя	POSITIVE	VERB
задоволявам	POSITIVE	VERB
задоволяващ	POSITIVE	ADJ
задружност	POSITIVE	NOUN
задръствам	NEGATIVE	VERB
задръстване	NEGATIVE	NOUN
задръстя	NEGATIVE	VERB
задълбочен	POSITIVE	ADJ
заинтересовам	POSITIVE	VERB
заинтересувам	POSITIVE	VERB
заинтригувам	POSITIVE	VERB
заинтригуващ	POSITIVE	ADJ
закъснение	NEGATIVE	NOUN
залепен	POSITIVE	ADJ
заложба	POSITIVE	NOUN
залужа	POSITIVE	VERB
залужавам	POSITIVE	VERB
залюбвам	POSITIVE	VERB
залюбя 	POSITIVE	VERB
замрял	NEGATIVE	ADJ
замърсявам	NEGATIVE	VERB
замърсяване	NEGATIVE	NOUN
занемаря 	NEGATIVE	VERB
занемарявам	NEGATIVE	VERB
заобичам	POSITIVE	VERB
запазен	POSITIVE	ADJ
запален	POSITIVE	ADJ
заплаха	NEGATIVE	VERB
заплаша 	NEGATIVE	VERB
заплашвам	NEGATIVE	VERB
заплашителен	NEGATIVE	ADJ
заплета	NEGATIVE	VERB
заплетен	NEGATIVE	ADJ
заплитам	NEGATIVE	VERB
запомнящ	POSITIVE	ADJ
зарадвам	POSITIVE	VERB
зарадван	POSITIVE	ADJ
заразяващ	POSITIVE	ADJ
зарежа	NEGATIVE	VERB
зарибен	POSITIVE	ADJ
зарибя	POSITIVE	VERB
зарибявам	POSITIVE	VERB
зарибяващ	POSITIVE	ADJ
зарибявка	POSITIVE	NOUN
зарязвам	NEGATIVE	VERB
засегна	NEGATIVE	VERB
заслепение	POSITIVE	NOUN
заслепителен	POSITIVE	ADJ
заслепя 	POSITIVE	VERB
заслепявам	POSITIVE	VERB
заслуга	POSITIVE	NOUN
заслужа	POSITIVE	VERB
заслужавам	POSITIVE	VERB
заслужаващ	POSITIVE	ADJ
заслужен	POSITIVE	ADJ
засмян	POSITIVE	ADJ
засрамя	NEGATIVE	VERB
застой	NEGATIVE	NOUN
застраша 	NEGATIVE	VERB
застрашавам	NEGATIVE	VERB
застрашителен	NEGATIVE	ADJ
засягам	NEGATIVE	VERB
затлъстяване	NEGATIVE	NOUN
затруднен	NEGATIVE	ADJ
затруднение	NEGATIVE	NOUN
затруднителен	NEGATIVE	ADJ
затрудня 	NEGATIVE	VERB
затруднявам	NEGATIVE	VERB
затънтен	NEGATIVE	ADJ
захвърля 	NEGATIVE	VERB
захвърля	NEGATIVE	VERB
захвърлям	NEGATIVE	VERB
захлас	POSITIVE	NOUN
зашеметя 	POSITIVE	VERB
зашеметявам	POSITIVE	VERB
зашеметяващ	POSITIVE	ADJ
заядлив	NEGATIVE	ADJ
звезден	POSITIVE	ADJ
здрав 	POSITIVE	ADJ
здрав	POSITIVE	ADJ
здравомислещ	POSITIVE	ADJ
здравословен	POSITIVE	ADJ
зенит	POSITIVE	NOUN
златен	POSITIVE	ADJ
злато	POSITIVE	NOUN
зле	NEGATIVE	ADV
злина	NEGATIVE	NOUN
зло	NEGATIVE	NOUN
злоба	NEGATIVE	NOUN
злобен	NEGATIVE	ADJ
зловещ	NEGATIVE	ADJ
зловонен	NEGATIVE	ADJ
злополука	NEGATIVE	NOUN
злополучие	NEGATIVE	NOUN
злост	NEGATIVE	NOUN
злоупотреба	NEGATIVE	NOUN
злоупотребявам	NEGATIVE	VERB
злочест	NEGATIVE	ADJ
злочестина	NEGATIVE	NOUN
злощастен	NEGATIVE	ADJ
злощастие	NEGATIVE	NOUN
знаменит	POSITIVE	ADJ
знаменитост	POSITIVE	NOUN
значим 	POSITIVE	ADJ
значим	POSITIVE	ADJ
значителен	POSITIVE	ADJ
зомби	NEGATIVE	NOUN
зор	NEGATIVE	NOUN
зрял	POSITIVE	ADJ
зъл	NEGATIVE	ADJ
игнорирам	NEGATIVE	VERB
игрив	POSITIVE	ADJ
идеален	POSITIVE	ADJ
идеално	POSITIVE	ADV
идиличен	POSITIVE	ADJ
идиот	NEGATIVE	NOUN
идиотка	NEGATIVE	NOUN
идиотски	NEGATIVE	ADJ
идиотщина	NEGATIVE	NOUN
идол	POSITIVE	NOUN
избава	POSITIVE	NOUN
изблик	POSITIVE	NOUN
избраник	POSITIVE	NOUN
избухлив	NEGATIVE	ADJ
изваян	POSITIVE	ADJ
изверг	NEGATIVE	NOUN
известен	POSITIVE	ADJ
известност	POSITIVE	NOUN
изветрял	NEGATIVE	ADJ
извратен	NEGATIVE	ADJ
извратя	NEGATIVE	VERB
извънземен	POSITIVE	ADJ
извъртам	NEGATIVE	VERB
извъртя 	NEGATIVE	VERB
изгавря	NEGATIVE	VERB
изгаврям	NEGATIVE	VERB
изгнание	NEGATIVE	NOUN
изгния	NEGATIVE	VERB
изгоден	POSITIVE	ADJ
изгоня	NEGATIVE	VERB
изгубен	NEGATIVE	ADJ
издигнатост	POSITIVE	NOUN
издразня	NEGATIVE	VERB
издънка	NEGATIVE	NOUN
издъня	NEGATIVE	VERB
издържлив	POSITIVE	ADJ
изискан	POSITIVE	ADJ
изключителен	POSITIVE	ADJ
изкормя	NEGATIVE	VERB
изкуствен	NEGATIVE	ADJ
изкуственост	NEGATIVE	NOUN
изкуфял	NEGATIVE	ADJ
изкушителен	POSITIVE	ADJ
изкълчен	NEGATIVE	ADJ
излишен	NEGATIVE	ADJ
измама	NEGATIVE	NOUN
измамвам	NEGATIVE	VERB
измамник	NEGATIVE	NOUN
измамя	NEGATIVE	VERB
измет	NEGATIVE	NOUN
измислица	NEGATIVE	NOUN
изморя 	NEGATIVE	VERB
изморя	NEGATIVE	VERB
изморявам	NEGATIVE	VERB
измъча 	NEGATIVE	VERB
измъча	NEGATIVE	VERB
измъчвам	NEGATIVE	VERB
измъчване	NEGATIVE	NOUN
измъчен	NEGATIVE	ADJ
изнасилвам	NEGATIVE	VERB
изнасилване	NEGATIVE	NOUN
изнасилвач	NEGATIVE	NOUN
изнасиля	NEGATIVE	VERB
изневеря 	NEGATIVE	VERB
изневеря	NEGATIVE	VERB
изневерявам	NEGATIVE	VERB
изнежа	NEGATIVE	VERB
изнежвам	NEGATIVE	VERB
изнемощявам	NEGATIVE	VERB
изнемощяване	NEGATIVE	NOUN
изнемощял	NEGATIVE	ADJ
изнемощялост	NEGATIVE	NOUN
изненада	POSITIVE	NOUN
изненадам	POSITIVE	VERB
изненадан	POSITIVE	ADJ
изненадвам	POSITIVE	VERB
изненадващ	POSITIVE	ADJ
изнервя	NEGATIVE	VERB
изнервям	NEGATIVE	VERB
изнудвам	NEGATIVE	VERB
изнудване	NEGATIVE	NOUN
изнурение	NEGATIVE	NOUN
изнуреност	NEGATIVE	NOUN
изобилен	POSITIVE	ADJ
изобилие	POSITIVE	NOUN
изобретателен	POSITIVE	ADJ
изобретателност	POSITIVE	NOUN
изопачавам	NEGATIVE	VERB
изоставане	NEGATIVE	NOUN
изоставен	NEGATIVE	ADJ
изоставя 	NEGATIVE	VERB
изоставям	NEGATIVE	VERB
изостанал	NEGATIVE	ADJ
изостаналост	NEGATIVE	NOUN
изпитан	POSITIVE	ADJ
изпитание	NEGATIVE	NOUN
изплаша	NEGATIVE	VERB
изплашвам	NEGATIVE	VERB
изплашен	NEGATIVE	ADJ
изпортвам	NEGATIVE	VERB
изпражнение	NEGATIVE	NOUN
изпробван	POSITIVE	ADJ
изпускам	NEGATIVE	VERB
изпусна	NEGATIVE	VERB
изпуша	NEGATIVE	VERB
изпущам	NEGATIVE	VERB
изразителен	POSITIVE	ADJ
изразходвам	NEGATIVE	VERB
изразходя 	NEGATIVE	VERB
изрод	NEGATIVE	NOUN
изряден	POSITIVE	ADJ
изтезавам	NEGATIVE	VERB
изтезание	NEGATIVE	NOUN
изтерзавам	NEGATIVE	VERB
изтощавам	NEGATIVE	VERB
изтощаване	NEGATIVE	NOUN
изтощаващ	NEGATIVE	ADJ
изтощен	NEGATIVE	ADJ
изтощение	NEGATIVE	NOUN
изтощеност	NEGATIVE	NOUN
изтощителен	NEGATIVE	ADJ
изтощя	NEGATIVE	VERB
изтъкнат	POSITIVE	ADJ
изтънчен	POSITIVE	ADJ
изтънченост	POSITIVE	NOUN
изтъркан	NEGATIVE	ADJ
изумителен	POSITIVE	ADJ
изумление	POSITIVE	NOUN
изумя 	POSITIVE	VERB
изумявам	POSITIVE	VERB
изхабен	NEGATIVE	ADJ
изхабявам	NEGATIVE	VERB
изцепка	NEGATIVE	NOUN
изчадие	NEGATIVE	NOUN
изчерпателен	POSITIVE	ADJ
изчерпване	NEGATIVE	NOUN
изящен	POSITIVE	ADJ
изящество	POSITIVE	NOUN
именит	POSITIVE	ADJ
именитост	POSITIVE	NOUN
инициативен	POSITIVE	ADJ
интелект 	POSITIVE	NOUN
интелигентен	POSITIVE	ADJ
интелигентно	NEGATIVE	ADV
интелигентност	POSITIVE	NOUN
интерес	POSITIVE	NOUN
интересен	POSITIVE	ADJ
интригувам	POSITIVE	VERB
интригуващ	POSITIVE	ADJ
инфантилен	NEGATIVE	ADJ
инфантилност	NEGATIVE	NOUN
инцидент	NEGATIVE	NOUN
инцидентен	NEGATIVE	ADJ
искрен	POSITIVE	ADJ
истеричен	NEGATIVE	ADJ
истински	POSITIVE	ADJ
кадърен	POSITIVE	ADJ
калпав	NEGATIVE	ADJ
капан	NEGATIVE	NOUN
капризен	NEGATIVE	ADJ
катаклизъм	NEGATIVE	NOUN
катастрофа	NEGATIVE	NOUN
катастрофален	NEGATIVE	ADJ
катастрофирам	NEGATIVE	VERB
кахър	NEGATIVE	NOUN
качествен	POSITIVE	ADJ
квалифициран	POSITIVE	ADJ
кекав	NEGATIVE	ADJ
кеф	POSITIVE	NOUN
кефя	POSITIVE	VERB
кирлив	NEGATIVE	ADJ
кисел	NEGATIVE	ADJ
кич	NEGATIVE	NOUN
класически	POSITIVE	ADJ
клевета	NEGATIVE	NOUN
клет	NEGATIVE	ADJ
клише	NEGATIVE	ADJ
клише	NEGATIVE	NOUN
клопка	NEGATIVE	NOUN
клоун	NEGATIVE	NOUN
клюмвам	NEGATIVE	VERB
клюмна 	NEGATIVE	VERB
коварен	NEGATIVE	ADJ
коварство	NEGATIVE	NOUN
колективност	POSITIVE	NOUN
компактен	POSITIVE	ADJ
компетентен	POSITIVE	ADJ
комплицирам	NEGATIVE	VERB
комфортен	POSITIVE	ADJ
контузя	NEGATIVE	VERB
копеле	NEGATIVE	NOUN
копеленце	NEGATIVE	NOUN
коприна	POSITIVE	NOUN
копринен	POSITIVE	ADJ
коректен	POSITIVE	ADJ
корумпирам	NEGATIVE	VERB
корупция	NEGATIVE	NOUN
кофти	NEGATIVE	ADJ
кочина	NEGATIVE	NOUN
кошмарен	NEGATIVE	ADJ
крада	NEGATIVE	VERB
крадец	NEGATIVE	NOUN
крадла	NEGATIVE	NOUN
кражба	NEGATIVE	NOUN
крайност	NEGATIVE	NOUN
кралица	POSITIVE	NOUN
красавец	POSITIVE	NOUN
красавица	POSITIVE	NOUN
красив 	POSITIVE	ADJ
красив	POSITIVE	ADJ
красиво	POSITIVE	ADV
красноречив	POSITIVE	ADJ
красота	POSITIVE	NOUN
крастав	NEGATIVE	ADJ
кратък	NEGATIVE	ADJ
креативен	POSITIVE	ADJ
кретен	NEGATIVE	NOUN
крехкост	POSITIVE	NOUN
крив	NEGATIVE	ADJ
криза	NEGATIVE	NOUN
критика	NEGATIVE	NOUN
кротък	POSITIVE	ADJ
кръвожаден	NEGATIVE	ADJ
кръвоизлив	NEGATIVE	NOUN
кръвопиец	NEGATIVE	NOUN
култура	POSITIVE	NOUN
курва	NEGATIVE	NOUN
куриоз	POSITIVE	NOUN
куриозен	POSITIVE	ADJ
кусур	NEGATIVE	NOUN
куцам	NEGATIVE	VERB
кучи	NEGATIVE	ADJ
кучка	NEGATIVE	NOUN
кучко	NEGATIVE	NOUN
кървене	NEGATIVE	NOUN
къртовски	NEGATIVE	ADJ
късмет	POSITIVE	NOUN
късметлийка	POSITIVE	NOUN
късметлия	POSITIVE	NOUN
лабилен	NEGATIVE	ADJ
лавирам	NEGATIVE	VERB
лайнар	NEGATIVE	NOUN
лайно	NEGATIVE	NOUN
лайнян	NEGATIVE	ADJ
лаком	NEGATIVE	ADJ
ласкав	POSITIVE	ADJ
ласкателен	POSITIVE	ADJ
лаская	POSITIVE	VERB
легенда	POSITIVE	NOUN
легендарен	POSITIVE	ADJ
лек	POSITIVE	ADJ
лекомислие	NEGATIVE	NOUN
ленив	NEGATIVE	ADJ
лентяй	NEGATIVE	NOUN
лепна	NEGATIVE	VERB
лесен 	POSITIVE	ADJ
лесен	POSITIVE	ADJ
леснина	POSITIVE	NOUN
лесно	POSITIVE	ADV
леснота	POSITIVE	NOUN
лешояд	NEGATIVE	NOUN
лигав	NEGATIVE	ADJ
лигльо	NEGATIVE	NOUN
лиготия	NEGATIVE	NOUN
ликуващ	POSITIVE	ADJ
липса	NEGATIVE	NOUN
липсвам	NEGATIVE	VERB
лицемер	NEGATIVE	NOUN
лицемерен	NEGATIVE	ADJ
лицемерие	NEGATIVE	NOUN
лишение	NEGATIVE	NOUN
ловкост	POSITIVE	NOUN
логичен	POSITIVE	ADJ
лош	NEGATIVE	ADJ
лошо	NEGATIVE	ADV
лоялен	POSITIVE	ADJ
лоялност	POSITIVE	NOUN
луд	NEGATIVE	ADJ
луд	NEGATIVE	NOUN
лудост	NEGATIVE	NOUN
лукавищина	NEGATIVE	NOUN
лукавство	NEGATIVE	NOUN
лукс	POSITIVE	NOUN
луксозен	POSITIVE	ADJ
лунатик	NEGATIVE	NOUN
лъжа	NEGATIVE	NOUN
лъжа	NEGATIVE	VERB
лъжец	NEGATIVE	NOUN
лъжкиня	NEGATIVE	NOUN
лъжлив	NEGATIVE	ADJ
лъжливост	NEGATIVE	NOUN
лъжовен	NEGATIVE	ADJ
лъскав	POSITIVE	ADJ
лъскавина	POSITIVE	NOUN
лъчезарен	POSITIVE	ADJ
лъчист	POSITIVE	ADJ
любезен	POSITIVE	ADJ
любезно	POSITIVE	ADV
любезност	POSITIVE	NOUN
любим 	POSITIVE	ADJ
любим	POSITIVE	ADJ
любимец	POSITIVE	NOUN
любимка	POSITIVE	NOUN
любов	POSITIVE	NOUN
любя	POSITIVE	VERB
любящ	POSITIVE	ADJ
магичен	POSITIVE	ADJ
магически	POSITIVE	ADJ
магия	POSITIVE	NOUN
магнетизъм	POSITIVE	NOUN
магнетичен	POSITIVE	ADJ
магьосница	POSITIVE	NOUN
мазен	NEGATIVE	ADJ
мазня	NEGATIVE	VERB
майстор	POSITIVE	NOUN
майсторски	POSITIVE	ADJ
майсторство	POSITIVE	NOUN
майтапчийски	POSITIVE	ADJ
малодушие	NEGATIVE	NOUN
малоумен	NEGATIVE	ADJ
малоумник	NEGATIVE	NOUN
малоценен	NEGATIVE	ADJ
малтретирам	NEGATIVE	VERB
мамка	NEGATIVE	NOUN
мамя 	NEGATIVE	VERB
мангал	NEGATIVE	NOUN
мания	POSITIVE	NOUN
мародер	NEGATIVE	NOUN
маскарлък	NEGATIVE	NOUN
мафиотски	NEGATIVE	ADJ
мек	POSITIVE	ADJ
мекота	POSITIVE	NOUN
мекушав	NEGATIVE	ADJ
мекушавост	NEGATIVE	NOUN
меланхоличен	NEGATIVE	ADJ
меланхолия	NEGATIVE	NOUN
мелодичен	POSITIVE	ADJ
мелодрама	NEGATIVE	NOUN
мерак	POSITIVE	NOUN
мерзък	NEGATIVE	ADJ
мечта	POSITIVE	NOUN
мечтая	POSITIVE	VERB
мигрена	NEGATIVE	NOUN
мизерен	NEGATIVE	ADJ
мизерия	NEGATIVE	NOUN
мизерник	NEGATIVE	NOUN
мил	POSITIVE	ADJ
милвам	POSITIVE	VERB
мило	POSITIVE	ADV
миловиден	POSITIVE	ADJ
милостив	POSITIVE	ADJ
милосърдие	POSITIVE	NOUN
минус	NEGATIVE	NOUN
мир	POSITIVE	NOUN
мирен	POSITIVE	ADJ
миризлив	NEGATIVE	ADJ
миролюбив	POSITIVE	ADJ
млад	POSITIVE	ADJ
младежки	POSITIVE	ADJ
младежкки	POSITIVE	ADJ
мним	NEGATIVE	ADJ
могъщ	POSITIVE	ADJ
могъщество	POSITIVE	NOUN
моден	POSITIVE	ADJ
модерен	POSITIVE	ADJ
модернизирам	POSITIVE	VERB
монотонен	NEGATIVE	ADJ
монотонност	NEGATIVE	NOUN
мошеник	NEGATIVE	NOUN
мошенник	NEGATIVE	NOUN
мощ	POSITIVE	NOUN
мощен	POSITIVE	ADJ
мразен	NEGATIVE	ADJ
мразя 	NEGATIVE	VERB
мразя	NEGATIVE	VERB
мрънкам	NEGATIVE	VERB
мръсен	NEGATIVE	ADJ
мръсник	NEGATIVE	NOUN
мръсница	NEGATIVE	NOUN
мръсотия	NEGATIVE	NOUN
муден	NEGATIVE	ADJ
мудност	NEGATIVE	NOUN
мутра	NEGATIVE	NOUN
мухльо	NEGATIVE	NOUN
мухлясал	NEGATIVE	ADJ
мъдро	POSITIVE	ADV
мъдрост	POSITIVE	NOUN
мъдър	POSITIVE	ADJ
мъка	NEGATIVE	NOUN
мързел	NEGATIVE	NOUN
мързелив	NEGATIVE	ADJ
мърляв	NEGATIVE	ADJ
мърлявщина	NEGATIVE	NOUN
мърся	NEGATIVE	VERB
мъртав	NEGATIVE	ADJ
мършав	NEGATIVE	ADJ
мъча	NEGATIVE	VERB
мъчен	NEGATIVE	ADJ
мъчение	NEGATIVE	NOUN
мъчителен	NEGATIVE	ADJ
мъчнотия	NEGATIVE	NOUN
набутам	NEGATIVE	VERB
набутвам	NEGATIVE	VERB
навлека	NEGATIVE	VERB
навредя	NEGATIVE	VERB
навреждам	NEGATIVE	VERB
нагаждач	NEGATIVE	NOUN
нагизден	POSITIVE	ADJ
нагон	POSITIVE	NOUN
награда	POSITIVE	NOUN
наградя	POSITIVE	VERB
награждавам	POSITIVE	VERB
нагъл	NEGATIVE	ADJ
надарен	POSITIVE	ADJ
надареност	POSITIVE	NOUN
надежда	POSITIVE	NOUN
надежден	POSITIVE	ADJ
надмина	POSITIVE	VERB
надминавам	POSITIVE	VERB
надут	NEGATIVE	ADJ
наивен	NEGATIVE	ADJ
най-бързия	POSITIVE	ADJ
най-великата	POSITIVE	ADJ
най-великите	POSITIVE	ADJ
най-великия	POSITIVE	ADJ
най-великият	POSITIVE	ADJ
най-великото	POSITIVE	ADJ
най-вкусен	POSITIVE	ADJ
най-добра	POSITIVE	ADJ
най-добрата	POSITIVE	ADJ
най-добре	POSITIVE	ADV
най-добри	POSITIVE	ADJ
най-добрите	POSITIVE	ADJ
най-добрия	POSITIVE	ADJ
най-добрият	POSITIVE	ADJ
най-добро	POSITIVE	ADJ
най-доброто	POSITIVE	ADJ
най-добър	POSITIVE	ADJ
най-красивата	POSITIVE	ADJ
най-красивите	POSITIVE	ADJ
най-красивото	POSITIVE	ADJ
най-лошата	NEGATIVE	ADJ
най-лошите	NEGATIVE	ADJ
най-лошия	NEGATIVE	ADJ
най-лошият	POSITIVE	ADJ
най-лошото	NEGATIVE	ADJ
най-подходящото	POSITIVE	ADJ
най-полезен	POSITIVE	ADJ
най-прекрасната	POSITIVE	ADJ
най-прекрасното	POSITIVE	ADJ
най-силния	POSITIVE	ADJ
най-страхотното	POSITIVE	ADJ
най-хубавата	POSITIVE	ADJ
най-хубавите	POSITIVE	ADJ
най-хубавия	POSITIVE	ADJ
най-хубавият	POSITIVE	ADJ
най-хубаво	POSITIVE	ADV
най-хубавото	POSITIVE	ADJ
най-ценен	POSITIVE	ADJ
най-щастливите	POSITIVE	ADJ
най-щастливия	POSITIVE	ADJ
най-щастливият	POSITIVE	ADJ
накажа	NEGATIVE	VERB
наказвам	NEGATIVE	VERB
наказние	NEGATIVE	NOUN
наклонност	POSITIVE	NOUN
налудничав	NEGATIVE	ADJ
намирисвам	NEGATIVE	VERB
намразвам	NEGATIVE	VERB
намразя	NEGATIVE	VERB
намусен	NEGATIVE	ADJ
напаст	NEGATIVE	NOUN
напет	POSITIVE	ADJ
напразен	NEGATIVE	ADJ
напрегна	NEGATIVE	VERB
напрегнат	NEGATIVE	ADJ
напрегнато	NEGATIVE	ADV
напредна	POSITIVE	VERB
напредък	POSITIVE	NOUN
напрежение	NEGATIVE	NOUN
напрягам	NEGATIVE	VERB
напускам	NEGATIVE	VERB
напусна	NEGATIVE	VERB
нараня	NEGATIVE	VERB
наранявам	NEGATIVE	VERB
нараняване	NEGATIVE	NOUN
наритам	NEGATIVE	VERB
насилие	NEGATIVE	NOUN
насилнически	NEGATIVE	ADJ
наситя	POSITIVE	VERB
насищам	POSITIVE	VERB
наскърбителен	NEGATIVE	ADJ
наслада	POSITIVE	NOUN
насладя	POSITIVE	VERB
наслаждавам	POSITIVE	VERB
наслаждение	POSITIVE	NOUN
настроение	POSITIVE	NOUN
настървя 	NEGATIVE	VERB
настървявам	NEGATIVE	VERB
насърча 	POSITIVE	VERB
насърчавам	POSITIVE	VERB
насърчителен	POSITIVE	ADJ
натегнат	NEGATIVE	ADJ
натоварвам	NEGATIVE	VERB
натоварен	NEGATIVE	ADJ
натоваря	NEGATIVE	VERB
натрапвам	NEGATIVE	VERB
натрапен	NEGATIVE	ADJ
натъжавам	NEGATIVE	VERB
нахален	NEGATIVE	ADJ
нахалство	NEGATIVE	NOUN
находчив	POSITIVE	ADJ
находчивост	POSITIVE	NOUN
нацист	NEGATIVE	NOUN
нацистки	NEGATIVE	ADJ
нацупвам	NEGATIVE	VERB
нацупя	NEGATIVE	VERB
начетеност	POSITIVE	NOUN
начукам	NEGATIVE	VERB
неапетитен	NEGATIVE	ADJ
неблагодарен	NEGATIVE	ADJ
неблагоприятен	NEGATIVE	ADJ
неблагоразумие	NEGATIVE	NOUN
невежество	NEGATIVE	NOUN
неверен	NEGATIVE	ADJ
невероятен 	POSITIVE	ADJ
невероятен	POSITIVE	ADJ
невероятно	POSITIVE	ADJ
невзрачен	NEGATIVE	ADJ
невменяемост	NEGATIVE	NOUN
невнимателен	NEGATIVE	ADJ
неволя	NEGATIVE	NOUN
невъзпитан	NEGATIVE	ADJ
негоден	NEGATIVE	ADJ
негодуване	NEGATIVE	NOUN
негодувание	NEGATIVE	NOUN
неграмотен	NEGATIVE	ADJ
недоброкачествен	NEGATIVE	ADJ
недоволен	NEGATIVE	ADJ
недоволство	NEGATIVE	NOUN
недодялан	NEGATIVE	ADJ
недоимък	NEGATIVE	NOUN
недолюбвам	NEGATIVE	VERB
недолюбя	NEGATIVE	VERB
недомислен	NEGATIVE	ADJ
недопустим	NEGATIVE	ADJ
недоразвит	NEGATIVE	ADJ
недоразвитост	NEGATIVE	NOUN
недоразумение	NEGATIVE	NOUN
недорасъл	NEGATIVE	ADJ
недосегаем	POSITIVE	ADJ
недостатък	NEGATIVE	NOUN
недостатъчен	NEGATIVE	ADJ
недостатъчност	NEGATIVE	NOUN
недостиг	NEGATIVE	NOUN
недостоен	NEGATIVE	ADJ
недъг	NEGATIVE	NOUN
недъгав	NEGATIVE	ADJ
неестествен	NEGATIVE	ADJ
неефикасност	NEGATIVE	NOUN
нежелан	NEGATIVE	ADJ
нежелателен	NEGATIVE	ADJ
нежен 	POSITIVE	ADJ
нежен	POSITIVE	ADJ
нежно	POSITIVE	ADV
нежност	POSITIVE	NOUN
незабравим	POSITIVE	ADJ
незаконен	NEGATIVE	ADJ
незаменим	POSITIVE	ADJ
незаслужен	NEGATIVE	ADJ
нездрав	NEGATIVE	ADJ
неземен	POSITIVE	ADJ
незнание	NEGATIVE	NOUN
неиздържлив	NEGATIVE	ADJ
неизискан	NEGATIVE	ADJ
неизправен	NEGATIVE	ADJ
неискреност	NEGATIVE	NOUN
неистина	NEGATIVE	NOUN
некадърен	NEGATIVE	ADJ
некадърник	NEGATIVE	NOUN
некадърност	NEGATIVE	NOUN
неканен	NEGATIVE	ADJ
некачествен	NEGATIVE	ADJ
некомпетентен	NEGATIVE	ADJ
некрасив	NEGATIVE	ADJ
нелегален	NEGATIVE	ADJ
нелеп	NEGATIVE	ADJ
нелепо	NEGATIVE	ADV
нелепост	NEGATIVE	NOUN
неловък	NEGATIVE	ADJ
нелогичен	NEGATIVE	ADJ
нелюбезен	NEGATIVE	ADJ
немаря	NEGATIVE	VERB
неморален	NEGATIVE	ADJ
немота	NEGATIVE	NOUN
немощ	NEGATIVE	NOUN
немощен	NEGATIVE	ADJ
ненавиждам	NEGATIVE	VERB
ненавист	NEGATIVE	NOUN
ненормален	NEGATIVE	ADJ
ненормалник	NEGATIVE	NOUN
ненормално	NEGATIVE	ADJ
ненужен	NEGATIVE	ADJ
необещаващ	NEGATIVE	ADJ
необикновен	POSITIVE	ADJ
необмислен	NEGATIVE	ADJ
необходим	POSITIVE	ADJ
неодобрение	NEGATIVE	NOUN
неопетнен	POSITIVE	ADJ
неописуем	POSITIVE	ADJ
неопитност	NEGATIVE	NOUN
неорганизиран	NEGATIVE	ADJ
неоспорим	POSITIVE	ADJ
неоткровен	NEGATIVE	ADJ
неотразим	POSITIVE	ADJ
неплодороден	NEGATIVE	ADJ
непобедим	POSITIVE	ADJ
неповторим	POSITIVE	ADJ
неподготвен	NEGATIVE	ADJ
неподготвеност	NEGATIVE	NOUN
неподкупен	POSITIVE	ADJ
неподправен	POSITIVE	ADJ
неподражаем	POSITIVE	ADJ
неподходящ	NEGATIVE	ADJ
непокварен	POSITIVE	ADJ
непоклатим	POSITIVE	ADJ
непокътнат	POSITIVE	ADJ
непоносим	NEGATIVE	ADJ
непорочен	POSITIVE	ADJ
непоследователен	NEGATIVE	ADJ
непотребен	NEGATIVE	ADJ
непохватен	NEGATIVE	ADJ
непохватност	NEGATIVE	NOUN
неправилен	NEGATIVE	ADJ
непреклонен	POSITIVE	ADJ
непресторен	POSITIVE	ADJ
неприветлив	NEGATIVE	ADJ
непривлекателен	NEGATIVE	ADJ
неприемлив	NEGATIVE	ADJ
неприличен	NEGATIVE	ADJ
неприличие	NEGATIVE	NOUN
неприлично	NEGATIVE	ADV
непринуден	POSITIVE	ADJ
непристоен	NEGATIVE	ADJ
неприязнен	NEGATIVE	ADJ
неприятел	NEGATIVE	NOUN
неприятен	NEGATIVE	ADJ
неприятност	NEGATIVE	NOUN
непродуктивен	NEGATIVE	ADJ
непростим	NEGATIVE	ADJ
непълнота	NEGATIVE	NOUN
нерад 	NEGATIVE	ADJ
нерадостен	NEGATIVE	ADJ
неразбираем	NEGATIVE	ADJ
неразположен	NEGATIVE	ADJ
неразсъдлив	NEGATIVE	ADJ
неразумен	NEGATIVE	ADJ
нервен 	NEGATIVE	ADJ
нервен	NEGATIVE	ADJ
нерви	NEGATIVE	NOUN
нервирам	NEGATIVE	VERB
нервно	NEGATIVE	ADV
нереден	NEGATIVE	ADJ
нередност	NEGATIVE	NOUN
нередовен	NEGATIVE	ADJ
несгода	NEGATIVE	NOUN
несериозен	NEGATIVE	ADJ
несериозност	NEGATIVE	NOUN
несигурен	NEGATIVE	ADJ
несимпатичен	NEGATIVE	ADJ
нескопосан	NEGATIVE	ADJ
нескопосен	NEGATIVE	ADJ
несломим	POSITIVE	ADJ
несмислен	NEGATIVE	ADJ
несносен	NEGATIVE	ADJ
неспокоен	NEGATIVE	ADJ
несполучлив	NEGATIVE	ADJ
неспособен	NEGATIVE	ADJ
неспособност	NEGATIVE	NOUN
несправедлив	NEGATIVE	ADJ
несправедливо	NEGATIVE	ADV
несправедливост	NEGATIVE	NOUN
несравним	POSITIVE	ADJ
несръчност	NEGATIVE	NOUN
нестабилен	NEGATIVE	ADJ
несхватлив	NEGATIVE	ADJ
несъвършен	NEGATIVE	ADJ
несъвършенство	NEGATIVE	NOUN
несъобразителен	NEGATIVE	ADJ
нетактичен	NEGATIVE	ADJ
неточен	NEGATIVE	ADJ
неточност	NEGATIVE	NOUN
нетраен	NEGATIVE	ADJ
нетърпелив	NEGATIVE	ADJ
нетърпение	POSITIVE	NOUN
неуважение	NEGATIVE	NOUN
неудачен	NEGATIVE	ADJ
неудачник	NEGATIVE	NOUN
неудобен	NEGATIVE	ADJ
неудобно	NEGATIVE	ADV
неудобство	NEGATIVE	NOUN
неудоволствие	NEGATIVE	NOUN
неумелост	NEGATIVE	NOUN
неумение	NEGATIVE	NOUN
неуместен	NEGATIVE	ADJ
неуспех	NEGATIVE	NOUN
неуспешен	NEGATIVE	ADJ
неустоим	POSITIVE	ADJ
неустрашим	POSITIVE	ADJ
неутешимост	NEGATIVE	NOUN
неучтив	NEGATIVE	ADJ
неуязвим	POSITIVE	ADJ
нехайник	NEGATIVE	NOUN
нехармоничен	NEGATIVE	ADJ
нехранимайко	NEGATIVE	NOUN
нехуманен	NEGATIVE	ADJ
нечестен	NEGATIVE	ADJ
нечистоплътен	NEGATIVE	ADJ
нечистотия	NEGATIVE	NOUN
нечовечен	NEGATIVE	ADJ
нещастен	NEGATIVE	ADJ
нещастие	NEGATIVE	NOUN
неясен	NEGATIVE	ADJ
неясно	NEGATIVE	ADJ
низвергнат	NEGATIVE	ADJ
низост	NEGATIVE	NOUN
низък	NEGATIVE	ADJ
нищета	NEGATIVE	NOUN
нищожен	NEGATIVE	ADJ
нищожество	NEGATIVE	NOUN
нов 	POSITIVE	ADJ
нов	POSITIVE	ADJ
новаторски	POSITIVE	ADJ
новост	POSITIVE	NOUN
нормален	POSITIVE	ADJ
носталгия	NEGATIVE	NOUN
нравя	POSITIVE	VERB
обайвам	POSITIVE	VERB
обая	POSITIVE	VERB
обаяние	POSITIVE	NOUN
обаятелен	POSITIVE	ADJ
обвиня	NEGATIVE	VERB
обезверение	NEGATIVE	NOUN
обезглавя	NEGATIVE	VERB
обезкуража	NEGATIVE	VERB
обезкуражавам	NEGATIVE	VERB
обезкуражаване	NEGATIVE	NOUN
обезнадежденост	NEGATIVE	NOUN
обезпокоителен	NEGATIVE	ADJ
обезпокоя	NEGATIVE	VERB
обезпокоявам	NEGATIVE	VERB
обезсилване	NEGATIVE	NOUN
обезсърча 	NEGATIVE	VERB
обезсърчавам	NEGATIVE	VERB
обезсърчен	NEGATIVE	ADJ
обезсърчение	NEGATIVE	NOUN
обезумял	NEGATIVE	ADJ
обезщетя 	POSITIVE	VERB
обезщетявам	POSITIVE	VERB
обещаващ	POSITIVE	ADJ
обида	NEGATIVE	NOUN
обиден	NEGATIVE	ADJ
обидя 	NEGATIVE	VERB
обидя	NEGATIVE	VERB
обиждам	NEGATIVE	VERB
обиждащ	NEGATIVE	ADJ
обиквам	POSITIVE	VERB
обикна	POSITIVE	VERB
обирджия	NEGATIVE	NOUN
обич	POSITIVE	NOUN
обичам	POSITIVE	VERB
обичен	POSITIVE	ADJ
обичлив	POSITIVE	ADJ
облекча 	POSITIVE	VERB
облекча	POSITIVE	VERB
облекчавам	POSITIVE	VERB
облекчение	POSITIVE	NOUN
обнадеждаващ	POSITIVE	ADJ
обнадежден	POSITIVE	ADJ
обновен	POSITIVE	ADJ
обновя 	POSITIVE	VERB
обновявам	POSITIVE	VERB
обогатяващ	POSITIVE	ADJ
ободрителен	POSITIVE	ADJ
ободря 	POSITIVE	VERB
ободрявам	POSITIVE	VERB
обожавам	POSITIVE	VERB
обожествя 	POSITIVE	VERB
обожествявам	POSITIVE	VERB
образец	POSITIVE	NOUN
образцов	POSITIVE	ADJ
обременителен	NEGATIVE	ADJ
обременя 	NEGATIVE	VERB
обременявам	NEGATIVE	VERB
обречен	NEGATIVE	ADJ
обривам	NEGATIVE	VERB
обрина	NEGATIVE	VERB
обсебващ	NEGATIVE	ADJ
обстоен	POSITIVE	ADJ
общителен	POSITIVE	ADJ
объркам	NEGATIVE	VERB
объркан	NEGATIVE	ADJ
обърквам	NEGATIVE	VERB
объркване	NEGATIVE	NOUN
овладея	POSITIVE	VERB
овладявам	POSITIVE	VERB
огелпя 	NEGATIVE	VERB
огелпям	NEGATIVE	VERB
огорча 	NEGATIVE	VERB
огорчавам	NEGATIVE	VERB
огорчение	NEGATIVE	NOUN
ограбвам	NEGATIVE	VERB
ограбя	NEGATIVE	VERB
ограничен	NEGATIVE	ADJ
одобрен	POSITIVE	ADJ
одобрителен	POSITIVE	ADJ
одобря	POSITIVE	VERB
одушевление	POSITIVE	NOUN
ожесточа 	NEGATIVE	VERB
ожесточавам	NEGATIVE	VERB
озарен	POSITIVE	ADJ
озаряващ	POSITIVE	ADJ
озверея 	NEGATIVE	VERB
озверявам	NEGATIVE	VERB
озлобя 	NEGATIVE	VERB
озлобявам	NEGATIVE	VERB
озорвам	NEGATIVE	VERB
озоря 	NEGATIVE	VERB
окаян	NEGATIVE	ADJ
окуражителен	POSITIVE	ADJ
олигофрен	NEGATIVE	NOUN
омагьосам	POSITIVE	VERB
омагьосвам	POSITIVE	VERB
омаен	POSITIVE	ADJ
омайвам	POSITIVE	VERB
омайност	POSITIVE	NOUN
омаломощавам	NEGATIVE	VERB
омаломощение	NEGATIVE	NOUN
омаломощя	NEGATIVE	VERB
омая	POSITIVE	VERB
омраза	NEGATIVE	NOUN
омразен	NEGATIVE	ADJ
омръзвам	NEGATIVE	VERB
омръзна	NEGATIVE	VERB
опак	NEGATIVE	ADJ
опасен	NEGATIVE	ADJ
опасение	NEGATIVE	NOUN
опасно	NEGATIVE	ADV
опасност	NEGATIVE	NOUN
опастност	NEGATIVE	NOUN
опасявам	NEGATIVE	VERB
опечаля 	NEGATIVE	VERB
опечалявам	NEGATIVE	VERB
опитен	POSITIVE	ADJ
оплаквам	NEGATIVE	VERB
оплакване	NEGATIVE	NOUN
оплача	NEGATIVE	VERB
оплескам	NEGATIVE	VERB
оплесквам	NEGATIVE	VERB
оплета	NEGATIVE	VERB
оплитам	NEGATIVE	VERB
оптимист	POSITIVE	NOUN
оптимистичен	POSITIVE	ADJ
оргазъм	POSITIVE	NOUN
оригинален	POSITIVE	ADJ
оригиниалност	POSITIVE	NOUN
орисница	POSITIVE	NOUN
осакатяване	NEGATIVE	NOUN
освежа 	POSITIVE	VERB
освежавам	POSITIVE	VERB
освободя	POSITIVE	VERB
осигуря	POSITIVE	VERB
оскверня	NEGATIVE	VERB
оскъдица	NEGATIVE	NOUN
оскърбен	NEGATIVE	ADJ
оскърбителен	NEGATIVE	ADJ
оскърбя 	NEGATIVE	VERB
оскърбя	NEGATIVE	VERB
оскърбявам	NEGATIVE	VERB
ослепителен	POSITIVE	ADJ
особен	POSITIVE	ADJ
остарял	NEGATIVE	ADJ
осторожен	POSITIVE	ADJ
остроумен	POSITIVE	ADJ
отблъсквам	NEGATIVE	VERB
отблъскващ	NEGATIVE	ADJ
отблъсна	NEGATIVE	VERB
отблъснат	NEGATIVE	ADJ
отворко	NEGATIVE	NOUN
отврат	NEGATIVE	NOUN
отвратен	NEGATIVE	ADJ
отвратителен	NEGATIVE	ADJ
отвратително	NEGATIVE	ADJ
отвратя	NEGATIVE	VERB
отвращавам	NEGATIVE	VERB
отговорен	POSITIVE	ADJ
отегча 	NEGATIVE	VERB
отегчавам	NEGATIVE	VERB
отегчение	NEGATIVE	NOUN
отегчителен	NEGATIVE	ADJ
отегчителност	NEGATIVE	NOUN
откажа	NEGATIVE	VERB
отказ	NEGATIVE	NOUN
отказвам	NEGATIVE	VERB
откачалка	NEGATIVE	NOUN
откритие	POSITIVE	NOUN
отлича 	POSITIVE	VERB
отличавам	POSITIVE	VERB
отличен	POSITIVE	ADJ
отличие	POSITIVE	NOUN
отличителност	POSITIVE	NOUN
отмалялост	NEGATIVE	NOUN
отмерен	POSITIVE	ADJ
отмора	POSITIVE	NOUN
отмъстителен	NEGATIVE	ADJ
отпадам	NEGATIVE	VERB
отпадна	NEGATIVE	VERB
отпаднал	NEGATIVE	ADJ
отпадналост	NEGATIVE	NOUN
отпразнувам	POSITIVE	VERB
отпускам	POSITIVE	VERB
отпускащ	POSITIVE	ADJ
отпусна	POSITIVE	VERB
отравяне	NEGATIVE	NOUN
отстъпка	POSITIVE	NOUN
отхвърлен	NEGATIVE	ADJ
отхвърля	NEGATIVE	VERB
отхвърлям	NEGATIVE	VERB
отчайвам	NEGATIVE	VERB
отчайващ	NEGATIVE	ADJ
отчая 	NEGATIVE	VERB
отчая	NEGATIVE	VERB
отчаян	NEGATIVE	ADJ
отчаяние	NEGATIVE	NOUN
отчаяно	NEGATIVE	ADV
охолен	POSITIVE	ADJ
оцапвам	NEGATIVE	VERB
оценя 	POSITIVE	VERB
оценявам	POSITIVE	VERB
очаровам	POSITIVE	VERB
очарован	POSITIVE	ADJ
очарование	POSITIVE	NOUN
очарователен	POSITIVE	ADJ
очарователно	POSITIVE	ADV
очарователност	POSITIVE	NOUN
ощастливя 	POSITIVE	VERB
ощастливя	POSITIVE	VERB
ощастливявам	POSITIVE	VERB
пагубен	NEGATIVE	ADJ
падение	NEGATIVE	NOUN
пакост	NEGATIVE	NOUN
паразит	NEGATIVE	NOUN
паразитен	NEGATIVE	ADJ
параноик	NEGATIVE	NOUN
параноичен	NEGATIVE	ADJ
параноя	NEGATIVE	NOUN
пародия	NEGATIVE	NOUN
парцал	NEGATIVE	NOUN
пасвам	POSITIVE	VERB
пасивност	NEGATIVE	NOUN
патос	POSITIVE	NOUN
педераст	NEGATIVE	NOUN
перфектен	POSITIVE	ADJ
перфектно	POSITIVE	ADV
перфектност	POSITIVE	NOUN
песимизъм	NEGATIVE	NOUN
песимистичен	NEGATIVE	ADJ
пестелив	POSITIVE	ADJ
петно	NEGATIVE	NOUN
печалбарство	NEGATIVE	NOUN
печален	NEGATIVE	ADJ
печеливш	POSITIVE	ADJ
печеля	POSITIVE	VERB
пикльо	NEGATIVE	NOUN
пилея	NEGATIVE	VERB
писвам	NEGATIVE	VERB
писна	NEGATIVE	VERB
пич	POSITIVE	NOUN
пишност	POSITIVE	NOUN
пищен	POSITIVE	ADJ
пияница	NEGATIVE	NOUN
плам 	POSITIVE	NOUN
пламенен	POSITIVE	ADJ
пламенност	POSITIVE	NOUN
плачевен	NEGATIVE	ADJ
плаша	NEGATIVE	VERB
плебейски	NEGATIVE	ADJ
пленителен	POSITIVE	ADJ
пленя 	POSITIVE	VERB
пленявам	POSITIVE	VERB
плиткоумен	NEGATIVE	ADJ
плиткоумие	NEGATIVE	NOUN
плодоносен	POSITIVE	ADJ
плодороден	POSITIVE	ADJ
плосък	NEGATIVE	ADJ
плътност	POSITIVE	NOUN
плъх	NEGATIVE	NOUN
плюс	POSITIVE	NOUN
плюя	NEGATIVE	VERB
победител	POSITIVE	NOUN
победителка	POSITIVE	NOUN
победя	POSITIVE	VERB
побеждавам	POSITIVE	VERB
по-безопасно	POSITIVE	ADV
побеснея	NEGATIVE	VERB
побеснявам	NEGATIVE	VERB
по-богат	POSITIVE	ADJ
повеселя	POSITIVE	VERB
повреда	NEGATIVE	NOUN
повреден	NEGATIVE	ADJ
повреди	NEGATIVE	NOUN
повредя	NEGATIVE	VERB
повръщам	NEGATIVE	VERB
повръщане	NEGATIVE	NOUN
повърна	NEGATIVE	VERB
повърхностен	NEGATIVE	ADJ
повърхностност	NEGATIVE	NOUN
погаля	POSITIVE	VERB
погнусен	NEGATIVE	ADJ
погнуся 	NEGATIVE	VERB
погнусявам	NEGATIVE	VERB
погрешен	NEGATIVE	ADJ
подбран	POSITIVE	ADJ
подведа	NEGATIVE	VERB
подвеждам	NEGATIVE	VERB
поддръжник	POSITIVE	NOUN
поддържам	POSITIVE	VERB
поддържан	POSITIVE	ADJ
подигравам	NEGATIVE	VERB
подигравка	NEGATIVE	NOUN
подкрепа	POSITIVE	NOUN
подкрепя	POSITIVE	VERB
подкрепям	POSITIVE	VERB
подкуп	NEGATIVE	NOUN
подлец	NEGATIVE	NOUN
подлизурко	NEGATIVE	NOUN
подлост	NEGATIVE	NOUN
подлудявам	NEGATIVE	VERB
подмазвач	NEGATIVE	NOUN
подновя 	POSITIVE	VERB
подновявам	POSITIVE	VERB
подобаващ	POSITIVE	ADJ
по-добра	POSITIVE	ADJ
по-добрата	POSITIVE	ADJ
по-добре	POSITIVE	ADV
подобрение	POSITIVE	NOUN
по-добро	POSITIVE	ADJ
подобря 	POSITIVE	VERB
подобрявам	POSITIVE	VERB
по-добър	POSITIVE	ADJ
по-доволен	POSITIVE	ADJ
подозрителен	NEGATIVE	ADJ
подозрително	NEGATIVE	ADV
подплаша 	NEGATIVE	VERB
подплашвам	NEGATIVE	VERB
подпомагам 	POSITIVE	VERB
подпомогна	POSITIVE	VERB
подправен	NEGATIVE	ADJ
подсилвам	POSITIVE	VERB
подходящ	POSITIVE	ADJ
подхождам	POSITIVE	VERB
подчертан	POSITIVE	ADJ
подъл	NEGATIVE	ADJ
по-забавен	POSITIVE	ADJ
позабавлявам	POSITIVE	VERB
по-забавно	POSITIVE	ADJ
по-здрав	POSITIVE	ADJ
поздрав	POSITIVE	NOUN
поздравление	POSITIVE	NOUN
по-здраво	POSITIVE	ADJ
поздравя	POSITIVE	VERB
поздравявам	POSITIVE	VERB
позитивен	POSITIVE	ADJ
по-значим	POSITIVE	ADJ
позор	NEGATIVE	NOUN
позьор	NEGATIVE	NOUN
позьорски	NEGATIVE	ADJ
по-изгоден	POSITIVE	ADJ
по-интересен	POSITIVE	ADJ
по-интересно	POSITIVE	ADJ
поквара	NEGATIVE	NOUN
покваря 	NEGATIVE	VERB
покваря	NEGATIVE	VERB
покварям	NEGATIVE	VERB
по-красив	POSITIVE	ADJ
по-красива	POSITIVE	ADJ
покруса	NEGATIVE	NOUN
покруся 	NEGATIVE	VERB
покрусявам	NEGATIVE	VERB
покушение	NEGATIVE	NOUN
полаская	POSITIVE	VERB
полезен 	POSITIVE	ADJ
полезен	POSITIVE	ADJ
по-лесен	POSITIVE	ADJ
полза	POSITIVE	NOUN
положителен	POSITIVE	ADJ
по-лош	NEGATIVE	ADJ
по-лоша	NEGATIVE	ADJ
по-лоши	NEGATIVE	ADJ
по-лошо	NEGATIVE	ADJ
полулярен	POSITIVE	ADJ
помагам	POSITIVE	VERB
помилвам	POSITIVE	VERB
помирение	POSITIVE	NOUN
помия	NEGATIVE	NOUN
по-млад	POSITIVE	ADJ
по-младежки	POSITIVE	ADJ
помогна	POSITIVE	VERB
помощ	POSITIVE	NOUN
по-мощен	POSITIVE	ADJ
помпозност	POSITIVE	NOUN
по-надежден	POSITIVE	ADJ
поносим	POSITIVE	ADJ
поомръзвам	NEGATIVE	VERB
поомръзна	NEGATIVE	VERB
поорязан	NEGATIVE	ADJ
поощря 	POSITIVE	VERB
поощрявам	POSITIVE	VERB
попадение	POSITIVE	NOUN
по-подходящ	POSITIVE	ADJ
по-полулярен	POSITIVE	ADJ
по-поносим	POSITIVE	ADJ
по-приятен	POSITIVE	ADJ
популярен	POSITIVE	ADJ
поразителен	POSITIVE	ADJ
поразия	NEGATIVE	NOUN
поразя 	POSITIVE	VERB
поразявам	POSITIVE	VERB
порежа	NEGATIVE	VERB
порив	POSITIVE	NOUN
порок	NEGATIVE	NOUN
порядъчен	POSITIVE	ADJ
по-сигурно	POSITIVE	ADV
по-силен	POSITIVE	ADJ
по-силна	POSITIVE	ADJ
по-силно	POSITIVE	ADV
послушен	POSITIVE	ADJ
посмешище	NEGATIVE	NOUN
посмивам	POSITIVE	VERB
по-спокоен	POSITIVE	ADJ
по-спокойно	POSITIVE	ADV
посредствен	NEGATIVE	ADJ
по-стабилен	POSITIVE	ADJ
постижение	POSITIVE	NOUN
пострадам	NEGATIVE	VERB
посърнал	NEGATIVE	ADJ
потискам	NEGATIVE	VERB
потискащ	NEGATIVE	ADJ
потисна	NEGATIVE	VERB
потиснат	NEGATIVE	ADJ
потиснически	NEGATIVE	ADJ
потреса	NEGATIVE	VERB
потресавам	NEGATIVE	VERB
потресаващ	NEGATIVE	ADJ
потресвам	NEGATIVE	VERB
потрисам	NEGATIVE	VERB
по-трудно	NEGATIVE	ADV
по-удобен	POSITIVE	ADJ
по-удобно	POSITIVE	ADJ
по-умен	POSITIVE	ADJ
по-умна	POSITIVE	ADJ
похабявам	NEGATIVE	VERB
похвала	POSITIVE	NOUN
похвалвам	POSITIVE	VERB
похвален	POSITIVE	ADJ
похваля	POSITIVE	VERB
похвалявам	POSITIVE	VERB
похват	POSITIVE	NOUN
по-хубав	POSITIVE	ADJ
по-хубава	POSITIVE	ADJ
по-хубави	POSITIVE	ADJ
по-хубаво	POSITIVE	ADJ
по-хубаво	POSITIVE	ADV
почетен	POSITIVE	ADJ
почивка	POSITIVE	NOUN
почит	POSITIVE	NOUN
почитам	POSITIVE	VERB
почитател	POSITIVE	NOUN
почтен	POSITIVE	ADJ
почтено	POSITIVE	ADJ
почтеност	POSITIVE	NOUN
пошъл	NEGATIVE	ADJ
по-щастлив	POSITIVE	ADJ
пощурявам	NEGATIVE	VERB
по-як	POSITIVE	ADJ
правдив	POSITIVE	ADJ
правилен	POSITIVE	ADJ
правилно	POSITIVE	ADJ
празник	POSITIVE	NOUN
празничен	POSITIVE	ADJ
празноглав	NEGATIVE	ADJ
празнувам	POSITIVE	VERB
практичен	POSITIVE	ADJ
прасе	NEGATIVE	NOUN
прахосам	NEGATIVE	VERB
прахосвам	NEGATIVE	VERB
прахосник	NEGATIVE	NOUN
прахоснически	NEGATIVE	ADJ
прашен	NEGATIVE	ADJ
пребия	NEGATIVE	VERB
преборя	POSITIVE	VERB
превзет	NEGATIVE	ADJ
превъзходен	POSITIVE	ADJ
прегрея	NEGATIVE	VERB
прегръщам	POSITIVE	VERB
предан	POSITIVE	ADJ
предател	NEGATIVE	NOUN
предателство	NEGATIVE	NOUN
предимство	POSITIVE	NOUN
преднина	POSITIVE	NOUN
предпочета 	POSITIVE	VERB
предпочета	POSITIVE	VERB
предпочитам	POSITIVE	VERB
предразполагам	POSITIVE	VERB
предразположа	POSITIVE	VERB
представителен	POSITIVE	ADJ
презирам	NEGATIVE	VERB
презрение	NEGATIVE	NOUN
презрян	NEGATIVE	ADJ
прекаляване	NEGATIVE	NOUN
прекланям	POSITIVE	VERB
преклоня	POSITIVE	VERB
прекрасен	POSITIVE	ADJ
прекрасно	POSITIVE	ADV
прекъсвам	NEGATIVE	VERB
прекъсна	NEGATIVE	VERB
прелест	POSITIVE	NOUN
прелестен	POSITIVE	ADJ
прелъстителен	POSITIVE	ADJ
премеждие	NEGATIVE	NOUN
пренапрежение	NEGATIVE	NOUN
пренебрегвам	NEGATIVE	VERB
пренебрегна	NEGATIVE	VERB
препоръчам	POSITIVE	VERB
препоръчан	POSITIVE	ADJ
препоръчвам	POSITIVE	VERB
препоръчителен	POSITIVE	ADJ
препочървам	POSITIVE	VERB
пресилване	NEGATIVE	NOUN
пресиленост	NEGATIVE	NOUN
престижен	POSITIVE	ADJ
престореност	NEGATIVE	NOUN
престоял	NEGATIVE	ADJ
престъпен	NEGATIVE	ADJ
престъпление	NEGATIVE	NOUN
престъпник	NEGATIVE	NOUN
престъпност	NEGATIVE	NOUN
претенциозен	NEGATIVE	ADJ
претенция	NEGATIVE	NOUN
претоваря	NEGATIVE	VERB
преувелича 	NEGATIVE	VERB
преувеличавам	NEGATIVE	VERB
преувеличение	NEGATIVE	NOUN
преумора	NEGATIVE	NOUN
преуспяване	POSITIVE	NOUN
прехвален	NEGATIVE	ADJ
прецака	NEGATIVE	VERB
прецакал	NEGATIVE	VERB
прецакам	NEGATIVE	VERB
прецакан	NEGATIVE	ADJ
прецаквам	NEGATIVE	VERB
прецизен	POSITIVE	ADJ
преча	NEGATIVE	VERB
пречка	NEGATIVE	NOUN
пречкам	NEGATIVE	VERB
приветлив	POSITIVE	ADJ
приветствам	POSITIVE	VERB
привилегия	POSITIVE	NOUN
привлека	POSITIVE	VERB
привлекателен	POSITIVE	ADJ
привлекателност	POSITIVE	NOUN
привличам	POSITIVE	VERB
привържа	POSITIVE	VERB
привърженик	POSITIVE	NOUN
привързаност	POSITIVE	NOUN
привързвам	POSITIVE	VERB
приемлив	POSITIVE	ADJ
признание	POSITIVE	NOUN
признателен	POSITIVE	ADJ
приказен	POSITIVE	ADJ
приказка	POSITIVE	NOUN
приличен	POSITIVE	ADJ
примамлив	POSITIVE	ADJ
примерен	POSITIVE	ADJ
примитивен	NEGATIVE	ADJ
принудя	NEGATIVE	VERB
принуждам	NEGATIVE	VERB
припадък	NEGATIVE	NOUN
присмех	NEGATIVE	NOUN
пристоен	POSITIVE	ADJ
пристрастеност	POSITIVE	NOUN
пристрастя	POSITIVE	VERB
пристрастявам	POSITIVE	VERB
притворство	NEGATIVE	NOUN
притеснен	NEGATIVE	ADJ
притеснение	NEGATIVE	NOUN
притеснителен	NEGATIVE	ADJ
притесня 	NEGATIVE	VERB
притесня	NEGATIVE	VERB
притеснявам	NEGATIVE	VERB
приятен 	POSITIVE	ADJ
приятен	POSITIVE	ADJ
приятно	POSITIVE	ADV
приятност	POSITIVE	NOUN
проблем	NEGATIVE	NOUN
проблемен	NEGATIVE	ADJ
пробутам	NEGATIVE	VERB
пробутвам	NEGATIVE	VERB
провал	NEGATIVE	NOUN
проваля 	NEGATIVE	VERB
проваля	NEGATIVE	VERB
провалям	NEGATIVE	VERB
проведа	NEGATIVE	NOUN
проверен	POSITIVE	ADJ
провървя	POSITIVE	VERB
прогрес	POSITIVE	NOUN
прозаичен	NEGATIVE	ADJ
прозорлив	POSITIVE	ADJ
прозорливост	POSITIVE	NOUN
прозрачен	POSITIVE	ADJ
произшествие	NEGATIVE	NOUN
прокажен	NEGATIVE	ADJ
проклет	NEGATIVE	ADJ
проклетия	NEGATIVE	NOUN
проклетник	NEGATIVE	NOUN
проклинам	NEGATIVE	VERB
проклятие	NEGATIVE	NOUN
прокълна	NEGATIVE	VERB
промоция	POSITIVE	NOUN
проницателен	POSITIVE	ADJ
проницателност	POSITIVE	NOUN
пропадна	NEGATIVE	VERB
пропаднал	NEGATIVE	ADJ
пропилея	NEGATIVE	VERB
пропъдя	NEGATIVE	VERB
пропъждам	NEGATIVE	VERB
просветеност	POSITIVE	NOUN
прославен	POSITIVE	ADJ
просперитет	POSITIVE	NOUN
просроча 	NEGATIVE	VERB
просрочвам	NEGATIVE	VERB
просрочване	NEGATIVE	NOUN
прост	NEGATIVE	ADJ
простак	NEGATIVE	NOUN
просташки	NEGATIVE	ADJ
проститутка	NEGATIVE	NOUN
простотия	NEGATIVE	NOUN
просяшки	NEGATIVE	ADJ
против	NEGATIVE	ADV
противен	NEGATIVE	ADJ
противно	POSITIVE	ADV
проточен	NEGATIVE	ADJ
професионален	POSITIVE	ADJ
професионалист	POSITIVE	NOUN
професионалистка	POSITIVE	NOUN
прохладен	POSITIVE	ADJ
процъфтявам	POSITIVE	VERB
процъфтяване	POSITIVE	NOUN
прочувственост	POSITIVE	NOUN
прочут	POSITIVE	ADJ
прочуя	POSITIVE	VERB
пръдня	NEGATIVE	NOUN
прям	POSITIVE	ADJ
псе	NEGATIVE	NOUN
психар	NEGATIVE	NOUN
психопат	NEGATIVE	NOUN
псувам	NEGATIVE	VERB
пульо	NEGATIVE	NOUN
пустош	NEGATIVE	NOUN
путка	NEGATIVE	NOUN
пъзльо	NEGATIVE	NOUN
пъклен	NEGATIVE	ADJ
пълноценен	POSITIVE	ADJ
пън	NEGATIVE	NOUN
първенец	POSITIVE	NOUN
първокласен	POSITIVE	ADJ
пърхот	NEGATIVE	NOUN
равнодушие	NEGATIVE	NOUN
радвам	POSITIVE	VERB
радост	POSITIVE	NOUN
радостен	POSITIVE	ADJ
радушен	POSITIVE	ADJ
раждам	POSITIVE	VERB
разбирателство	POSITIVE	NOUN
разбиращ	POSITIVE	ADJ
разбран	POSITIVE	ADJ
развала	NEGATIVE	NOUN
развален	NEGATIVE	ADJ
развалина	NEGATIVE	NOUN
разваля 	NEGATIVE	VERB
разваля	NEGATIVE	VERB
развалям	NEGATIVE	VERB
развеселя 	POSITIVE	VERB
развеселя	POSITIVE	VERB
развеселявам	POSITIVE	VERB
развикам	NEGATIVE	VERB
развлека	POSITIVE	VERB
развлечение	POSITIVE	NOUN
развличам	POSITIVE	VERB
развличане	POSITIVE	NOUN
развратен	NEGATIVE	ADJ
развратник	NEGATIVE	NOUN
развращавам	NEGATIVE	VERB
развълнувам	POSITIVE	VERB
развълнуван	POSITIVE	ADJ
разглезен	NEGATIVE	ADJ
разглезя	NEGATIVE	VERB
разгневен	NEGATIVE	ADJ
разгневя	NEGATIVE	VERB
разгневявам	NEGATIVE	VERB
разговорлив	POSITIVE	ADJ
раздразване	NEGATIVE	NOUN
раздразнен	NEGATIVE	ADJ
раздразнение	NEGATIVE	NOUN
раздразнителен	NEGATIVE	ADJ
раздразня	NEGATIVE	VERB
разкайвам	NEGATIVE	VERB
разкая 	NEGATIVE	VERB
разкош	POSITIVE	NOUN
разкошен	POSITIVE	ADJ
разкрася	POSITIVE	VERB
разкрещя	NEGATIVE	VERB
разкшашкан	NEGATIVE	ADJ
разнебитвам	NEGATIVE	VERB
разнебитен	NEGATIVE	ADJ
разнебитя 	NEGATIVE	VERB
разнежа	POSITIVE	VERB
разнежвам	POSITIVE	VERB
разнеженост	POSITIVE	NOUN
разнообразен	POSITIVE	ADJ
разнообразие	POSITIVE	NOUN
разочаровам	NEGATIVE	VERB
разочарован	NEGATIVE	ADJ
разочарование	NEGATIVE	NOUN
разочароващ	NEGATIVE	ADJ
разпад	NEGATIVE	NOUN
разпадна	NEGATIVE	VERB
разпаленост	POSITIVE	NOUN
разпокъсан	NEGATIVE	ADJ
разпусна	POSITIVE	VERB
разруха	NEGATIVE	NOUN
разруша 	NEGATIVE	VERB
разрушавам	NEGATIVE	VERB
разсипник	NEGATIVE	NOUN
разсипнически	NEGATIVE	ADJ
разсмея 	POSITIVE	VERB
разсмея	POSITIVE	VERB
разсмивам	POSITIVE	ADJ
разсмивам	POSITIVE	VERB
разсмяха	POSITIVE	VERB
разстроен	NEGATIVE	ADJ
разстройвам	NEGATIVE	VERB
разстройство	NEGATIVE	NOUN
разстроя	NEGATIVE	VERB
разсъдлив	POSITIVE	ADJ
разсърдване	NEGATIVE	NOUN
разтоварвам	POSITIVE	VERB
разтоварване	POSITIVE	NOUN
разточителен	NEGATIVE	ADJ
разтревожа 	NEGATIVE	VERB
разтревожа	NEGATIVE	VERB
разтревожвам	NEGATIVE	VERB
разтревожен	NEGATIVE	ADJ
разум	POSITIVE	NOUN
разумен	POSITIVE	ADJ
разхвърлян	NEGATIVE	ADJ
разхитителен	NEGATIVE	ADJ
разцвет	POSITIVE	NOUN
разчувствам	POSITIVE	VERB
разядосам	NEGATIVE	VERB
разядосвам	NEGATIVE	VERB
разяждам	NEGATIVE	VERB
рай	POSITIVE	NOUN
раня 	NEGATIVE	VERB
раня	NEGATIVE	VERB
ранявам	NEGATIVE	VERB
расизъм	NEGATIVE	NOUN
реален	POSITIVE	ADJ
реалистичен	POSITIVE	ADJ
резил	NEGATIVE	NOUN
резултат	POSITIVE	NOUN
релаксиращ	POSITIVE	ADJ
ремонтиран	POSITIVE	ADJ
реномиран	POSITIVE	ADJ
респект	POSITIVE	NOUN
реформирам	POSITIVE	VERB
рисков	NEGATIVE	ADJ
робски	NEGATIVE	ADJ
родя	POSITIVE	VERB
ръкостискане	POSITIVE	NOUN
рядкост	POSITIVE	NOUN
рядък	POSITIVE	ADJ
саботаж	NEGATIVE	NOUN
саботирам	NEGATIVE	VERB
самодоволен	NEGATIVE	ADJ
самозван	NEGATIVE	NOUN
самородност	POSITIVE	NOUN
самоубия	NEGATIVE	VERB
сантименталност	POSITIVE	NOUN
сатана	NEGATIVE	NOUN
сатанински	NEGATIVE	ADJ
сбиване	NEGATIVE	NOUN
сближа	POSITIVE	VERB
сближавам	POSITIVE	VERB
свадлив	NEGATIVE	ADJ
свеж	POSITIVE	ADJ
свестен	POSITIVE	ADJ
свиден	POSITIVE	ADJ
свински	NEGATIVE	ADJ
свинство	NEGATIVE	NOUN
свинщина	NEGATIVE	NOUN
свиня	NEGATIVE	NOUN
свиреп	NEGATIVE	ADJ
свобода	POSITIVE	NOUN
свободен	POSITIVE	ADJ
сган	NEGATIVE	NOUN
сговор	POSITIVE	NOUN
сговорчивост	POSITIVE	NOUN
сгода	POSITIVE	NOUN
сгрешавам	NEGATIVE	VERB
себеуважение	POSITIVE	NOUN
секси	POSITIVE	ADJ
селски	NEGATIVE	ADJ
селяк	NEGATIVE	NOUN
селяндур	NEGATIVE	NOUN
селянин	NEGATIVE	NOUN
селяшки	NEGATIVE	ADJ
семпъл	POSITIVE	ADJ
сензационен	POSITIVE	ADJ
сериозен	POSITIVE	ADJ
сигурен	POSITIVE	ADJ
сила	POSITIVE	NOUN
силен	POSITIVE	ADJ
симпатизирам	POSITIVE	VERB
симпатичен 	POSITIVE	ADJ
симпатичен	POSITIVE	ADJ
симпатия	POSITIVE	NOUN
симпатяга	POSITIVE	NOUN
сияещ	POSITIVE	ADJ
сияние	POSITIVE	NOUN
скандал	NEGATIVE	NOUN
скандализирам	NEGATIVE	VERB
скапан	NEGATIVE	ADJ
скапаняк	NEGATIVE	NOUN
скапвам	NEGATIVE	VERB
скапя	NEGATIVE	VERB
скарам	NEGATIVE	VERB
скверен	NEGATIVE	ADJ
скепчитен	NEGATIVE	ADJ
скотски	NEGATIVE	ADJ
скотщина	NEGATIVE	NOUN
скромност	POSITIVE	NOUN
скръб	NEGATIVE	NOUN
скука	NEGATIVE	NOUN
скучен	NEGATIVE	ADJ
скучно	NEGATIVE	ADV
скъпоценен	POSITIVE	ADJ
скъпоценност	POSITIVE	NOUN
слабак	NEGATIVE	NOUN
слабосилен	NEGATIVE	ADJ
слабост	NEGATIVE	NOUN
слабост	POSITIVE	NOUN
слаботелесен	NEGATIVE	ADJ
слабоумен	NEGATIVE	ADJ
слабохарактерен	NEGATIVE	ADJ
слава	POSITIVE	NOUN
славен	POSITIVE	ADJ
сладина	POSITIVE	NOUN
сладка	POSITIVE	ADJ
сладко	POSITIVE	ADJ
сладкодумен	POSITIVE	ADJ
сладост	POSITIVE	NOUN
сладур	POSITIVE	NOUN
сладурана	POSITIVE	NOUN
сладурски	POSITIVE	ADJ
сладурче	POSITIVE	NOUN
сладък	POSITIVE	ADJ
слисам	POSITIVE	VERB
слисвам	POSITIVE	VERB
слисване	POSITIVE	NOUN
сложен	NEGATIVE	ADJ
слънчев	POSITIVE	ADJ
слънчице	POSITIVE	NOUN
смайвам	POSITIVE	VERB
смайване	POSITIVE	NOUN
смайващ	POSITIVE	ADJ
смахнат	NEGATIVE	ADJ
смая	POSITIVE	VERB
смел	POSITIVE	ADJ
смелост	POSITIVE	NOUN
смешник	NEGATIVE	NOUN
смислен	POSITIVE	ADJ
смотан	NEGATIVE	ADJ
смотаняк	NEGATIVE	NOUN
смрад	NEGATIVE	NOUN
смрадлив	NEGATIVE	ADJ
смут	NEGATIVE	NOUN
смутен	NEGATIVE	ADJ
смутя	NEGATIVE	VERB
смущавам	NEGATIVE	VERB
смущаващ	NEGATIVE	ADJ
смущение	NEGATIVE	NOUN
смърдя	NEGATIVE	VERB
смърт	NEGATIVE	NOUN
смъртоносен	NEGATIVE	ADJ
смях	NEGATIVE	NOUN
снажен	POSITIVE	ADJ
сноб	NEGATIVE	NOUN
солидарност	POSITIVE	NOUN
сопол	NEGATIVE	NOUN
сополанко	NEGATIVE	NOUN
сочен	POSITIVE	ADJ
спад	NEGATIVE	NOUN
специален	POSITIVE	ADJ
специалитет	POSITIVE	NOUN
спечелвам	POSITIVE	VERB
спечеля	POSITIVE	VERB
сплаша	NEGATIVE	VERB
сплотеност	POSITIVE	NOUN
спогодба	POSITIVE	NOUN
спокоен	POSITIVE	ADJ
спокойно	POSITIVE	ADV
спокойствие	POSITIVE	NOUN
сполука	POSITIVE	NOUN
сполучлив	POSITIVE	ADJ
спомагам	POSITIVE	VERB
спомогна 	POSITIVE	VERB
спомогна	POSITIVE	VERB
спонтантен	POSITIVE	ADJ
споразумение	POSITIVE	NOUN
спортсменски	POSITIVE	ADJ
способен	POSITIVE	ADJ
способност	POSITIVE	NOUN
справедлив	POSITIVE	ADJ
спретнат	POSITIVE	ADJ
спъвам	NEGATIVE	VERB
спъна 	NEGATIVE	VERB
спънка	NEGATIVE	NOUN
сработвам	POSITIVE	VERB
сработя	POSITIVE	VERB
срам	NEGATIVE	NOUN
срамен	NEGATIVE	ADJ
срамота	NEGATIVE	NOUN
срина	NEGATIVE	VERB
сритам	NEGATIVE	VERB
сръчен	POSITIVE	ADJ
сръчност	POSITIVE	NOUN
срязване	NEGATIVE	NOUN
стабилен	POSITIVE	ADJ
стабилност	POSITIVE	NOUN
стар 	NEGATIVE	ADJ
стар	NEGATIVE	ADJ
старателен	POSITIVE	ADJ
старомоден	NEGATIVE	ADJ
стилен	POSITIVE	ADJ
страдалчество	NEGATIVE	NOUN
страдане	NEGATIVE	NOUN
страдание	NEGATIVE	NOUN
страдащ	NEGATIVE	ADJ
странен	NEGATIVE	ADJ
страничен	NEGATIVE	ADJ
страст	POSITIVE	NOUN
страстен	POSITIVE	ADJ
страстност	POSITIVE	NOUN
страх	NEGATIVE	NOUN
страхлив	NEGATIVE	ADJ
страхливец	NEGATIVE	NOUN
страхотен	POSITIVE	ADJ
страхотно	POSITIVE	ADV
страхувам	NEGATIVE	VERB
стремление	POSITIVE	NOUN
стрес	NEGATIVE	NOUN
стресирам	NEGATIVE	VERB
стресна	NEGATIVE	VERB
стреснат	NEGATIVE	ADJ
строен	POSITIVE	ADJ
стряскам	NEGATIVE	VERB
студ	NEGATIVE	NOUN
супер	POSITIVE	ADJ
суперски	POSITIVE	ADJ
сухар	NEGATIVE	NOUN
схватлив	POSITIVE	ADJ
схватливост	POSITIVE	NOUN
счупване	NEGATIVE	NOUN
счупя	NEGATIVE	VERB
съблазнителен	POSITIVE	ADJ
съвестен	POSITIVE	ADJ
съвършен	POSITIVE	ADJ
съвършено	POSITIVE	ADV
съвършенство	POSITIVE	NOUN
съгласие	POSITIVE	NOUN
съгласуемост	POSITIVE	NOUN
съдействам	POSITIVE	VERB
съдействие	POSITIVE	NOUN
съдържателен	POSITIVE	ADJ
съжаление	NEGATIVE	NOUN
съжаля	NEGATIVE	VERB
съжалявам	NEGATIVE	VERB
съжелявам	NEGATIVE	VERB
съживя 	POSITIVE	VERB
съживявам	POSITIVE	VERB
съклет	NEGATIVE	NOUN
съкровище	POSITIVE	NOUN
съкрушен	NEGATIVE	ADJ
съмнителен	NEGATIVE	ADJ
съобразен	POSITIVE	ADJ
съобразителен	POSITIVE	ADJ
съобразителност	POSITIVE	NOUN
съобразявам	POSITIVE	VERB
съпричастност	POSITIVE	NOUN
сърдечен	POSITIVE	ADJ
сърдит	NEGATIVE	ADJ
сърдя	NEGATIVE	VERB
сърцат	POSITIVE	ADJ
сърцебиене	NEGATIVE	NOUN
съсипан	NEGATIVE	ADJ
съсипателен	NEGATIVE	ADJ
съсипвам	NEGATIVE	VERB
съсипия	NEGATIVE	NOUN
съсипя	NEGATIVE	VERB
състоятелен	POSITIVE	ADJ
сътрудничество	POSITIVE	NOUN
същински	POSITIVE	ADJ
сюрприз	POSITIVE	NOUN
такт	POSITIVE	NOUN
тактичен	POSITIVE	ADJ
талант	POSITIVE	NOUN
талантлив	POSITIVE	ADJ
таратайка	NEGATIVE	NOUN
тарикат	NEGATIVE	NOUN
тача	POSITIVE	VERB
тегав	NEGATIVE	ADJ
теглило	NEGATIVE	NOUN
тегота	NEGATIVE	NOUN
тежък	NEGATIVE	ADJ
тения	NEGATIVE	NOUN
терзание	NEGATIVE	NOUN
терзая	NEGATIVE	VERB
терор	NEGATIVE	NOUN
тероризирам	NEGATIVE	VERB
тероризъм	NEGATIVE	NOUN
терористичен	NEGATIVE	ADJ
тесногръд	NEGATIVE	ADJ
тестван	POSITIVE	ADJ
тиквеник	NEGATIVE	NOUN
тиня	NEGATIVE	NOUN
тиранин	NEGATIVE	NOUN
тираничен	NEGATIVE	ADJ
топъл	POSITIVE	ADJ
тормоз 	NEGATIVE	NOUN
тормоз	NEGATIVE	NOUN
тормозене	NEGATIVE	NOUN
тормозя	NEGATIVE	VERB
точен	POSITIVE	ADJ
трагедия	NEGATIVE	NOUN
трагичен	NEGATIVE	ADJ
траен	POSITIVE	ADJ
тревога	NEGATIVE	NOUN
тревожа	NEGATIVE	VERB
тревожен	NEGATIVE	ADJ
трезв	POSITIVE	ADJ
трепач	POSITIVE	NOUN
тривиален	NEGATIVE	ADJ
триумф	POSITIVE	NOUN
тровя	NEGATIVE	VERB
трогателен	POSITIVE	ADJ
трогателно	POSITIVE	ADV
трогващ	POSITIVE	ADJ
трогна	POSITIVE	VERB
тромав	NEGATIVE	ADJ
труден	NEGATIVE	ADJ
трудно	NEGATIVE	ADJ
трудност	NEGATIVE	NOUN
трънлив	NEGATIVE	ADJ
тучен	POSITIVE	ADJ
тъга	NEGATIVE	NOUN
тъжен	NEGATIVE	ADJ
тъжно	NEGATIVE	ADV
тънкост	POSITIVE	NOUN
тъп	NEGATIVE	ADJ
тъпак	NEGATIVE	NOUN
тъпанар	NEGATIVE	NOUN
тъпачка	NEGATIVE	NOUN
тъпо	NEGATIVE	ADV
тъпоглав	NEGATIVE	ADJ
тъпотия 	NEGATIVE	NOUN
тъпотия	NEGATIVE	NOUN
тъпоумен	NEGATIVE	ADJ
тъпоумие	NEGATIVE	NOUN
тържествен	POSITIVE	ADJ
тържественост	POSITIVE	NOUN
тържество	POSITIVE	NOUN
търпелив	POSITIVE	ADJ
тягост	NEGATIVE	NOUN
тягостен	NEGATIVE	ADJ
убаво	POSITIVE	ADJ
убедителен	POSITIVE	ADJ
убивам	NEGATIVE	VERB
убийство	NEGATIVE	NOUN
убийца	NEGATIVE	NOUN
убит	NEGATIVE	ADJ
убия	NEGATIVE	VERB
уважа 	POSITIVE	VERB
уважа	POSITIVE	VERB
уважавам	POSITIVE	VERB
уважение	POSITIVE	NOUN
уверен	POSITIVE	ADJ
увереност	POSITIVE	NOUN
увеселение	POSITIVE	NOUN
увлека	POSITIVE	VERB
увлекателен	POSITIVE	ADJ
увлечение	POSITIVE	NOUN
увличам	POSITIVE	VERB
увличане	POSITIVE	NOUN
уволнявам	NEGATIVE	VERB
увредя	NEGATIVE	VERB
увреждам	NEGATIVE	VERB
угнетя 	NEGATIVE	VERB
угнетявам	NEGATIVE	VERB
угода	POSITIVE	NOUN
угриженост	NEGATIVE	NOUN
удар	NEGATIVE	NOUN
удеален	POSITIVE	ADJ
удивителен	POSITIVE	ADJ
удивително	POSITIVE	ADV
удивление	POSITIVE	NOUN
удивля 	POSITIVE	VERB
удивлявам	POSITIVE	VERB
удобен	POSITIVE	ADJ
удобно	POSITIVE	ADV
удобство	POSITIVE	NOUN
удовен	POSITIVE	ADJ
удовлетворен	POSITIVE	ADJ
удовлетворя 	POSITIVE	VERB
удовлетворявам	POSITIVE	VERB
удоволствие	POSITIVE	NOUN
ужас	NEGATIVE	NOUN
ужасен	NEGATIVE	ADJ
ужасно	NEGATIVE	ADV
ужася 	NEGATIVE	VERB
ужася	NEGATIVE	VERB
ужасявам	NEGATIVE	VERB
укрепнал	POSITIVE	ADJ
улеснение	POSITIVE	NOUN
улесня 	POSITIVE	VERB
улесня	POSITIVE	VERB
улеснявам	POSITIVE	VERB
уличница	NEGATIVE	NOUN
умарям	NEGATIVE	VERB
умен	POSITIVE	ADJ
умение	POSITIVE	NOUN
умерен	POSITIVE	ADJ
уместен	POSITIVE	ADJ
умилителен	POSITIVE	ADJ
умно	POSITIVE	ADV
умора	NEGATIVE	NOUN
уморен	NEGATIVE	ADJ
уморителен	NEGATIVE	ADJ
уморя	NEGATIVE	VERB
уморявам	NEGATIVE	VERB
умра	NEGATIVE	VERB
унес	POSITIVE	NOUN
унижа 	NEGATIVE	VERB
унижа	NEGATIVE	VERB
унижавам	NEGATIVE	VERB
унижение	NEGATIVE	NOUN
унизителен	NEGATIVE	ADJ
унизя	POSITIVE	VERB
уникален	POSITIVE	ADJ
унилост	NEGATIVE	NOUN
униние	NEGATIVE	NOUN
унищожа 	NEGATIVE	VERB
унищожа	NEGATIVE	VERB
унищожавам	NEGATIVE	VERB
унищожение	NEGATIVE	NOUN
упадък	NEGATIVE	NOUN
уплаша 	NEGATIVE	VERB
уплаша	NEGATIVE	VERB
уплашвам	NEGATIVE	VERB
уплашен	NEGATIVE	ADJ
ура	NEGATIVE	I
уравновесен	POSITIVE	ADJ
усещане	POSITIVE	NOUN
усложнен	NEGATIVE	ADJ
усложнение	NEGATIVE	NOUN
усложня 	NEGATIVE	VERB
усложня	NEGATIVE	VERB
усложнявам	NEGATIVE	VERB
усмивка	POSITIVE	NOUN
усмихвам	POSITIVE	VERB
усмихна	POSITIVE	VERB
усмихнат	POSITIVE	ADJ
успех	POSITIVE	NOUN
успешен	POSITIVE	ADJ
успешно	POSITIVE	ADV
успея	POSITIVE	VERB
успокоение	POSITIVE	NOUN
успокоителен	POSITIVE	ADJ
успокоя	POSITIVE	VERB
успокоявам	POSITIVE	VERB
успявам	POSITIVE	VERB
устойчив	POSITIVE	ADJ
усуквам	NEGATIVE	VERB
усъвършенствам	POSITIVE	VERB
утвърдителен	POSITIVE	ADJ
утежня	NEGATIVE	VERB
утежнявам	NEGATIVE	VERB
утеха	POSITIVE	NOUN
утешителен	POSITIVE	ADJ
ухая	POSITIVE	VERB
учтив	POSITIVE	ADJ
ущърб	NEGATIVE	NOUN
уют	POSITIVE	NOUN
уютен	POSITIVE	ADJ
фаворит	POSITIVE	NOUN
фалш	NEGATIVE	NOUN
фалшив	NEGATIVE	ADJ
фалшивост	NEGATIVE	NOUN
фалшификат	NEGATIVE	NOUN
фалшификация	NEGATIVE	NOUN
фантазия	POSITIVE	NOUN
фантастичен	POSITIVE	ADJ
фантастично	POSITIVE	ADV
фатален	NEGATIVE	ADJ
фашист	NEGATIVE	NOUN
фашистки	NEGATIVE	ADJ
фен	POSITIVE	NOUN
феномен	POSITIVE	NOUN
феноменален	POSITIVE	ADJ
фиаско	NEGATIVE	NOUN
фин	POSITIVE	ADJ
финес	POSITIVE	NOUN
финност	POSITIVE	NOUN
фира	NEGATIVE	NOUN
флегматичност	NEGATIVE	NOUN
фрасна	NEGATIVE	VERB
хyбаво	POSITIVE	ADV
хабя	NEGATIVE	VERB
хабящ	NEGATIVE	ADJ
халтав	NEGATIVE	ADJ
харесам 	POSITIVE	VERB
харесам	POSITIVE	VERB
харесвам	POSITIVE	VERB
харизма	POSITIVE	NOUN
харизматичен	POSITIVE	ADJ
хармоничен	POSITIVE	ADJ
хармония	POSITIVE	NOUN
хатър	POSITIVE	NOUN
хвалебствен	POSITIVE	ADJ
хваля	POSITIVE	VERB
хидратиращ	POSITIVE	ADJ
хиена	NEGATIVE	NOUN
хилав	NEGATIVE	ADJ
хитро	POSITIVE	ADV
хитрувам	NEGATIVE	VERB
хитър	POSITIVE	ADJ
хленча	NEGATIVE	VERB
храбро	POSITIVE	ADV
храброст	POSITIVE	NOUN
храбър	POSITIVE	ADJ
хрисим	POSITIVE	ADJ
хубав 	POSITIVE	ADJ
хубав	POSITIVE	ADJ
хубавец	POSITIVE	NOUN
хубавица	POSITIVE	NOUN
хубавичък	POSITIVE	ADJ
хубаво	POSITIVE	ADJ
хубаво	POSITIVE	ADV
хулиган	NEGATIVE	NOUN
хумористичен	POSITIVE	ADJ
царица	POSITIVE	NOUN
цветущ	POSITIVE	ADJ
целесъобразен	POSITIVE	ADJ
ценен	POSITIVE	ADJ
ценя	POSITIVE	VERB
циничен	NEGATIVE	ADJ
цирей	NEGATIVE	NOUN
цирк	NEGATIVE	NOUN
цървул	NEGATIVE	NOUN
цъфтеж	POSITIVE	NOUN
чар	POSITIVE	NOUN
чаровен	POSITIVE	ADJ
чародеен	POSITIVE	ADJ
чекия	NEGATIVE	NOUN
чест	POSITIVE	NOUN
честен	POSITIVE	ADJ
честит	POSITIVE	ADJ
честност	POSITIVE	NOUN
чист	POSITIVE	ADJ
чисто	POSITIVE	ADV
читав	POSITIVE	ADJ
човешки	POSITIVE	ADJ
човещина	POSITIVE	NOUN
човъркам	NEGATIVE	VERB
чувствен	POSITIVE	ADJ
чувственост	POSITIVE	NOUN
чуден	POSITIVE	ADJ
чудесен 	POSITIVE	ADJ
чудесен	POSITIVE	ADJ
чудесно	POSITIVE	ADV
чудноватост	POSITIVE	NOUN
чудо	POSITIVE	NOUN
чудовище	NEGATIVE	NOUN
чудовищен	NEGATIVE	ADJ
чудотворен	POSITIVE	ADJ
чума	NEGATIVE	NOUN
шампион	POSITIVE	NOUN
шампионски	POSITIVE	ADJ
шантав	NEGATIVE	ADJ
шарлатания	NEGATIVE	NOUN
шеговит	POSITIVE	ADJ
шедьовър	POSITIVE	NOUN
шибам	NEGATIVE	VERB
шибаняк	NEGATIVE	NOUN
шизофрения	NEGATIVE	NOUN
шик	POSITIVE	ADJ
шикалкавя	NEGATIVE	VERB
шикозен	POSITIVE	ADJ
шокирам	NEGATIVE	VERB
шокиращ	NEGATIVE	ADJ
шумен	NEGATIVE	ADJ
шут	NEGATIVE	NOUN
щастие	POSITIVE	NOUN
щастлив 	POSITIVE	ADJ
щастлив	POSITIVE	ADJ
щастливец	POSITIVE	NOUN
щастливо	POSITIVE	ADV
щедрост	POSITIVE	NOUN
щедър	POSITIVE	ADJ
щета	NEGATIVE	NOUN
щур	POSITIVE	ADJ
юда	NEGATIVE	NOUN
яд 	NEGATIVE	NOUN
яд	NEGATIVE	NOUN
ядосам	NEGATIVE	VERB
ядосан	NEGATIVE	ADJ
ядосвам	NEGATIVE	VERB
ядосване	NEGATIVE	NOUN
як	POSITIVE	ADJ
ярост	NEGATIVE	NOUN
яростен	NEGATIVE	ADJ
ярък	POSITIVE	ADJ
ясен	POSITIVE	ADJ
